detector,source_pc,logical_source_pc,base,index,target,bound,region,runtime_observed,inside_existing_function,instruction_boundary,classification,would_make_function,would_create_interior_label,would_defer
JMP_PC_INDEX_WORD,00054C,00054C,000550,0,0007EA,none,ROM,1,1,1,ObservedInteriorEntry,0,1,0
JMP_PC_INDEX_WORD,00054C,00054C,000550,1,000884,none,ROM,1,1,1,ObservedInteriorEntry,0,1,0
JMP_PC_INDEX_WORD,00054C,00054C,000550,2,000A3E,none,ROM,1,1,1,ObservedInteriorEntry,0,1,0
JMP_PC_INDEX_WORD,00054C,00054C,000550,3,000A8E,none,ROM,0,1,1,StaticInteriorEntry,0,1,0
JMP_PC_INDEX_WORD,00054C,00054C,000550,4,000ADE,none,ROM,0,1,1,StaticInteriorEntry,0,1,0
JMP_PC_INDEX_WORD,00054C,00054C,000550,5,000AEE,none,ROM,0,1,1,StaticInteriorEntry,0,1,0
JMP_PC_INDEX_WORD,00054C,00054C,000550,6,000B00,none,ROM,1,1,1,ObservedInteriorEntry,0,1,0
JMP_PC_INDEX_WORD,00054C,00054C,000550,7,000B8C,none,ROM,1,1,1,ObservedInteriorEntry,0,1,0
JMP_PC_INDEX_WORD,00054C,00054C,000550,8,000636,none,ROM,1,1,1,ObservedInteriorEntry,0,1,0
JMP_PC_INDEX_WORD,00054C,00054C,000550,9,0005B4,none,ROM,1,1,1,ObservedInteriorEntry,0,1,0
JMP_PC_INDEX_WORD,00054C,00054C,000550,10,000566,none,ROM,0,1,1,StaticInteriorEntry,0,1,0
JMP_PC_INDEX_WORD,004C02,004C02,004C06,0,004BF6,none,ROM,1,1,1,ObservedInteriorEntry,0,1,0
JMP_PC_INDEX_WORD,004C02,004C02,004C06,1,004C34,none,ROM,1,1,1,ObservedInteriorEntry,0,1,0
JMP_PC_INDEX_WORD,004C02,004C02,004C06,2,004CFA,none,ROM,1,1,1,ObservedInteriorEntry,0,1,0
JMP_PC_INDEX_WORD,004C02,004C02,004C06,3,004CFA,none,ROM,1,1,1,ObservedInteriorEntry,0,1,0
JMP_PC_INDEX_WORD,004C02,004C02,004C06,4,004CFA,none,ROM,1,1,1,ObservedInteriorEntry,0,1,0
JMP_PC_INDEX_WORD,004C02,004C02,004C06,5,004C34,none,ROM,1,1,1,ObservedInteriorEntry,0,1,0
JMP_PC_INDEX_WORD,004C02,004C02,004C06,6,004C34,none,ROM,1,1,1,ObservedInteriorEntry,0,1,0
JMP_PC_INDEX_WORD,004C02,004C02,004C06,7,004F4A,none,ROM,0,1,1,StaticInteriorEntry,0,1,0
JMP_PC_INDEX_WORD,004C02,004C02,004C06,8,004FBA,none,ROM,0,1,1,StaticInteriorEntry,0,1,0
JMP_PC_INDEX_WORD,004C02,004C02,004C06,9,004C34,none,ROM,1,1,1,ObservedInteriorEntry,0,1,0
JMP_PC_INDEX_WORD,004C02,004C02,004C06,10,004C34,none,ROM,1,1,1,ObservedInteriorEntry,0,1,0
JMP_PC_INDEX_WORD,004C02,004C02,004C06,11,00503A,none,ROM,0,1,1,StaticInteriorEntry,0,1,0
JMP_PC_INDEX_WORD,004C02,004C02,004C06,12,00503A,none,ROM,0,1,1,StaticInteriorEntry,0,1,0
JMP_PC_INDEX_WORD,004C02,004C02,004C06,13,004F4A,none,ROM,0,1,1,StaticInteriorEntry,0,1,0
JMP_PC_INDEX_WORD,004C02,004C02,004C06,14,004E86,none,ROM,0,1,1,StaticInteriorEntry,0,1,0
JMP_PC_INDEX_WORD,004C02,004C02,004C06,15,004F4A,none,ROM,0,1,1,StaticInteriorEntry,0,1,0
JMP_PC_INDEX_WORD,004C02,004C02,004C06,16,0050B2,none,ROM,0,1,1,StaticInteriorEntry,0,1,0
JMP_PC_INDEX_WORD,004C02,004C02,004C06,17,004C34,none,ROM,1,1,1,ObservedInteriorEntry,0,1,0
JMP_PC_INDEX_WORD,004C02,004C02,004C06,18,004CFA,none,ROM,1,1,1,ObservedInteriorEntry,0,1,0
JMP_PC_INDEX_WORD,004C02,004C02,004C06,19,004DC0,none,ROM,0,1,1,StaticInteriorEntry,0,1,0
JMP_PC_INDEX_WORD,004C02,004C02,004C06,20,004C34,none,ROM,1,1,1,ObservedInteriorEntry,0,1,0
JMP_PC_INDEX_WORD,004C02,004C02,004C06,21,004C34,none,ROM,1,1,1,ObservedInteriorEntry,0,1,0
JMP_PC_INDEX_WORD,004C02,004C02,004C06,22,004BF6,none,ROM,1,1,1,ObservedInteriorEntry,0,1,0
JSR_PC_INDEX_WORD,005F08,005F08,005F12,0,005F1A,none,ROM,1,0,0,ObservedFunctionEntry,1,0,0
JSR_PC_INDEX_WORD,005F08,005F08,005F12,1,005F2E,none,ROM,1,0,0,ObservedFunctionEntry,1,0,0
JSR_PC_INDEX_WORD,005F08,005F08,005F12,2,005F42,none,ROM,1,0,0,ObservedFunctionEntry,1,0,0
JSR_PC_INDEX_WORD,005F08,005F08,005F12,3,005F5E,none,ROM,1,1,1,ObservedInteriorEntry,0,1,0
JMP_PC_INDEX_WORD,0065FE,0065FE,006602,0,00660E,none,ROM,0,1,1,StaticInteriorEntry,0,1,0
JMP_PC_INDEX_WORD,0065FE,0065FE,006602,1,006638,none,ROM,0,1,1,StaticInteriorEntry,0,1,0
JMP_PC_INDEX_WORD,0065FE,0065FE,006602,2,006644,none,ROM,0,1,1,StaticInteriorEntry,0,1,0
JMP_PC_INDEX_WORD,0065FE,0065FE,006602,3,006654,none,ROM,0,1,1,StaticInteriorEntry,0,1,0
JMP_PC_INDEX_WORD,0065FE,0065FE,006602,4,0066A8,none,ROM,0,1,1,StaticInteriorEntry,0,1,0
JMP_PC_INDEX_WORD,0065FE,0065FE,006602,5,0066C8,none,ROM,0,1,1,StaticInteriorEntry,0,1,0
JMP_PC_INDEX_WORD,0068B6,0068B6,0068BA,0,00688C,none,ROM,1,1,1,ObservedInteriorEntry,0,1,0
JMP_PC_INDEX_WORD,0068B6,0068B6,0068BA,1,00693E,none,ROM,0,1,1,StaticInteriorEntry,0,1,0
JMP_PC_INDEX_WORD,0068B6,0068B6,0068BA,2,006CA6,none,ROM,0,1,1,StaticInteriorEntry,0,1,0
JMP_PC_INDEX_WORD,0068B6,0068B6,0068BA,3,006D30,none,ROM,0,1,1,StaticInteriorEntry,0,1,0
JMP_PC_INDEX_WORD,007CB6,007CB6,007CBA,0,007CC2,none,ROM,0,1,1,StaticInteriorEntry,0,1,0
JMP_PC_INDEX_WORD,007CB6,007CB6,007CBA,1,007D0E,none,ROM,0,1,1,StaticInteriorEntry,0,1,0
JMP_PC_INDEX_WORD,007CB6,007CB6,007CBA,2,007D1C,none,ROM,0,1,1,StaticInteriorEntry,0,1,0
JMP_PC_INDEX_WORD,007CB6,007CB6,007CBA,3,007D36,none,ROM,0,1,1,StaticInteriorEntry,0,1,0
JMP_PC_INDEX_WORD,007E48,007E48,007E4C,0,007E50,none,ROM,0,1,1,StaticInteriorEntry,0,1,0
JMP_PC_INDEX_WORD,007E48,007E48,007E4C,1,007E68,none,ROM,0,1,1,StaticInteriorEntry,0,1,0
JSR_PC_INDEX_WORD,00C6F0,00C6F0,00C74C,0,00C7A6,none,ROM,1,0,0,ObservedFunctionEntry,1,0,0
JSR_PC_INDEX_WORD,00C6F0,00C6F0,00C74C,1,00CB56,none,ROM,1,0,0,ObservedFunctionEntry,1,0,0
JSR_PC_INDEX_WORD,00C6F0,00C6F0,00C74C,2,00CC5E,none,ROM,1,0,0,ObservedFunctionEntry,1,0,0
JSR_PC_INDEX_WORD,00C6F0,00C6F0,00C74C,3,00CD16,none,ROM,1,0,0,ObservedFunctionEntry,1,0,0
JSR_PC_INDEX_WORD,00C6F0,00C6F0,00C74C,4,00CE5C,none,ROM,1,0,0,ObservedFunctionEntry,1,0,0
JMP_PC_INDEX_WORD,00FFA6,00FFA6,00FFAA,0,010002,none,ROM,0,1,1,StaticInteriorEntry,0,1,0
JMP_PC_INDEX_WORD,00FFA6,00FFA6,00FFAA,1,010002,none,ROM,0,1,1,StaticInteriorEntry,0,1,0
JMP_PC_INDEX_WORD,00FFA6,00FFA6,00FFAA,2,010002,none,ROM,0,1,1,StaticInteriorEntry,0,1,0
JMP_PC_INDEX_WORD,00FFA6,00FFA6,00FFAA,3,010002,none,ROM,0,1,1,StaticInteriorEntry,0,1,0
JMP_PC_INDEX_WORD,00FFA6,00FFA6,00FFAA,4,010002,none,ROM,0,1,1,StaticInteriorEntry,0,1,0
JMP_PC_INDEX_WORD,00FFA6,00FFA6,00FFAA,5,010012,none,ROM,0,1,1,StaticInteriorEntry,0,1,0
JMP_PC_INDEX_WORD,00FFA6,00FFA6,00FFAA,6,010004,none,ROM,0,1,1,StaticInteriorEntry,0,1,0
JMP_PC_INDEX_WORD,00FFA6,00FFA6,00FFAA,7,010004,none,ROM,0,1,1,StaticInteriorEntry,0,1,0
JMP_PC_INDEX_WORD,00FFA6,00FFA6,00FFAA,8,010004,none,ROM,0,1,1,StaticInteriorEntry,0,1,0
JMP_PC_INDEX_WORD,00FFA6,00FFA6,00FFAA,9,010004,none,ROM,0,1,1,StaticInteriorEntry,0,1,0
JMP_PC_INDEX_WORD,00FFA6,00FFA6,00FFAA,10,010004,none,ROM,0,1,1,StaticInteriorEntry,0,1,0
JMP_PC_INDEX_WORD,00FFA6,00FFA6,00FFAA,11,010004,none,ROM,0,1,1,StaticInteriorEntry,0,1,0
JMP_PC_INDEX_WORD,00FFA6,00FFA6,00FFAA,12,010002,none,ROM,0,1,1,StaticInteriorEntry,0,1,0
JMP_PC_INDEX_WORD,00FFA6,00FFA6,00FFAA,13,010002,none,ROM,0,1,1,StaticInteriorEntry,0,1,0
JMP_PC_INDEX_WORD,00FFA6,00FFA6,00FFAA,14,010002,none,ROM,0,1,1,StaticInteriorEntry,0,1,0
JMP_PC_INDEX_WORD,00FFA6,00FFA6,00FFAA,15,010006,none,ROM,0,1,1,StaticInteriorEntry,0,1,0
JMP_PC_INDEX_WORD,00FFA6,00FFA6,00FFAA,16,010006,none,ROM,0,1,1,StaticInteriorEntry,0,1,0
JMP_PC_INDEX_WORD,00FFA6,00FFA6,00FFAA,17,010002,none,ROM,0,1,1,StaticInteriorEntry,0,1,0
JMP_PC_INDEX_WORD,00FFA6,00FFA6,00FFAA,18,010002,none,ROM,0,1,1,StaticInteriorEntry,0,1,0
JMP_PC_INDEX_WORD,00FFA6,00FFA6,00FFAA,19,010002,none,ROM,0,1,1,StaticInteriorEntry,0,1,0
JMP_PC_INDEX_WORD,00FFA6,00FFA6,00FFAA,20,010006,none,ROM,0,1,1,StaticInteriorEntry,0,1,0
JMP_PC_INDEX_WORD,00FFA6,00FFA6,00FFAA,21,010002,none,ROM,0,1,1,StaticInteriorEntry,0,1,0
JMP_PC_INDEX_WORD,00FFA6,00FFA6,00FFAA,22,010002,none,ROM,0,1,1,StaticInteriorEntry,0,1,0
JMP_PC_INDEX_WORD,00FFA6,00FFA6,00FFAA,23,010002,none,ROM,0,1,1,StaticInteriorEntry,0,1,0
JMP_PC_INDEX_WORD,00FFA6,00FFA6,00FFAA,24,010002,none,ROM,0,1,1,StaticInteriorEntry,0,1,0
JMP_PC_INDEX_WORD,00FFA6,00FFA6,00FFAA,25,010002,none,ROM,0,1,1,StaticInteriorEntry,0,1,0
JMP_PC_INDEX_WORD,00FFA6,00FFA6,00FFAA,26,010004,none,ROM,0,1,1,StaticInteriorEntry,0,1,0
JMP_PC_INDEX_WORD,00FFA6,00FFA6,00FFAA,27,010004,none,ROM,0,1,1,StaticInteriorEntry,0,1,0
JMP_PC_INDEX_WORD,00FFA6,00FFA6,00FFAA,28,010004,none,ROM,0,1,1,StaticInteriorEntry,0,1,0
JMP_PC_INDEX_WORD,00FFA6,00FFA6,00FFAA,29,010004,none,ROM,0,1,1,StaticInteriorEntry,0,1,0
JMP_PC_INDEX_WORD,00FFA6,00FFA6,00FFAA,30,010004,none,ROM,0,1,1,StaticInteriorEntry,0,1,0
JMP_PC_INDEX_WORD,00FFA6,00FFA6,00FFAA,31,010006,none,ROM,0,1,1,StaticInteriorEntry,0,1,0
JMP_PC_INDEX_WORD,00FFA6,00FFA6,00FFAA,32,010006,none,ROM,0,1,1,StaticInteriorEntry,0,1,0
JMP_PC_INDEX_WORD,00FFA6,00FFA6,00FFAA,33,010006,none,ROM,0,1,1,StaticInteriorEntry,0,1,0
JMP_PC_INDEX_WORD,00FFA6,00FFA6,00FFAA,34,01000C,none,ROM,0,1,1,StaticInteriorEntry,0,1,0
JMP_PC_INDEX_WORD,00FFA6,00FFA6,00FFAA,35,010004,none,ROM,0,1,1,StaticInteriorEntry,0,1,0
JMP_PC_INDEX_WORD,00FFA6,00FFA6,00FFAA,36,010004,none,ROM,0,1,1,StaticInteriorEntry,0,1,0
JMP_PC_INDEX_WORD,00FFA6,00FFA6,00FFAA,37,010006,none,ROM,0,1,1,StaticInteriorEntry,0,1,0
JMP_PC_INDEX_WORD,00FFA6,00FFA6,00FFAA,38,010006,none,ROM,0,1,1,StaticInteriorEntry,0,1,0
JMP_PC_INDEX_WORD,00FFA6,00FFA6,00FFAA,39,010006,none,ROM,0,1,1,StaticInteriorEntry,0,1,0
JMP_PC_INDEX_WORD,00FFA6,00FFA6,00FFAA,40,010006,none,ROM,0,1,1,StaticInteriorEntry,0,1,0
JMP_PC_INDEX_WORD,00FFA6,00FFA6,00FFAA,41,010004,none,ROM,0,1,1,StaticInteriorEntry,0,1,0
JMP_PC_INDEX_WORD,00FFA6,00FFA6,00FFAA,42,010004,none,ROM,0,1,1,StaticInteriorEntry,0,1,0
JMP_PC_INDEX_WORD,00FFA6,00FFA6,00FFAA,43,010004,none,ROM,0,1,1,StaticInteriorEntry,0,1,0
JMP_PC_INDEX_WORD,012052,012052,012056,0,012098,none,ROM,1,1,1,ObservedInteriorEntry,0,1,0
JMP_PC_INDEX_WORD,012052,012052,012056,1,012098,none,ROM,1,1,1,ObservedInteriorEntry,0,1,0
JMP_PC_INDEX_WORD,012052,012052,012056,2,01209A,none,ROM,0,1,1,StaticInteriorEntry,0,1,0
JMP_PC_INDEX_WORD,012052,012052,012056,3,0120E6,none,ROM,0,1,1,StaticInteriorEntry,0,1,0
JMP_PC_INDEX_WORD,012052,012052,012056,4,012150,none,ROM,0,1,1,StaticInteriorEntry,0,1,0
JMP_PC_INDEX_WORD,012052,012052,012056,5,01218E,none,ROM,0,1,1,StaticInteriorEntry,0,1,0
JMP_PC_INDEX_WORD,012052,012052,012056,6,0121DC,none,ROM,0,1,1,StaticInteriorEntry,0,1,0
JMP_PC_INDEX_WORD,012052,012052,012056,7,01220C,none,ROM,0,1,1,StaticInteriorEntry,0,1,0
JMP_PC_INDEX_WORD,012052,012052,012056,8,01223C,none,ROM,0,1,1,StaticInteriorEntry,0,1,0
JMP_PC_INDEX_WORD,012052,012052,012056,9,01226C,none,ROM,0,1,1,StaticInteriorEntry,0,1,0
JMP_PC_INDEX_WORD,012052,012052,012056,10,01229C,none,ROM,0,1,1,StaticInteriorEntry,0,1,0
JMP_PC_INDEX_WORD,012052,012052,012056,11,012098,none,ROM,1,1,1,ObservedInteriorEntry,0,1,0
JMP_PC_INDEX_WORD,012052,012052,012056,12,0120C0,none,ROM,0,1,1,StaticInteriorEntry,0,1,0
JMP_PC_INDEX_WORD,012052,012052,012056,13,0120B0,none,ROM,0,1,1,StaticInteriorEntry,0,1,0
JMP_PC_INDEX_WORD,012052,012052,012056,14,0120C0,none,ROM,0,1,1,StaticInteriorEntry,0,1,0
JMP_PC_INDEX_WORD,012052,012052,012056,15,0120B0,none,ROM,0,1,1,StaticInteriorEntry,0,1,0
JMP_PC_INDEX_WORD,012052,012052,012056,16,0122B8,none,ROM,0,1,1,StaticInteriorEntry,0,1,0
JMP_PC_INDEX_WORD,012052,012052,012056,17,0122FC,none,ROM,0,1,1,StaticInteriorEntry,0,1,0
JMP_PC_INDEX_WORD,012052,012052,012056,18,01230A,none,ROM,0,1,1,StaticInteriorEntry,0,1,0
JMP_PC_INDEX_WORD,012052,012052,012056,19,012318,none,ROM,0,1,1,StaticInteriorEntry,0,1,0
JMP_PC_INDEX_WORD,012052,012052,012056,20,012326,none,ROM,0,1,1,StaticInteriorEntry,0,1,0
JMP_PC_INDEX_WORD,012052,012052,012056,21,012334,none,ROM,0,1,1,StaticInteriorEntry,0,1,0
JMP_PC_INDEX_WORD,012052,012052,012056,22,012342,none,ROM,0,1,1,StaticInteriorEntry,0,1,0
JMP_PC_INDEX_WORD,012052,012052,012056,23,012098,none,ROM,1,1,1,ObservedInteriorEntry,0,1,0
JMP_PC_INDEX_WORD,012052,012052,012056,24,012098,none,ROM,1,1,1,ObservedInteriorEntry,0,1,0
JMP_PC_INDEX_WORD,012052,012052,012056,25,012098,none,ROM,1,1,1,ObservedInteriorEntry,0,1,0
JMP_PC_INDEX_WORD,012052,012052,012056,26,012098,none,ROM,1,1,1,ObservedInteriorEntry,0,1,0
JMP_PC_INDEX_WORD,012052,012052,012056,27,012098,none,ROM,1,1,1,ObservedInteriorEntry,0,1,0
JMP_PC_INDEX_WORD,012052,012052,012056,28,012098,none,ROM,1,1,1,ObservedInteriorEntry,0,1,0
JMP_PC_INDEX_WORD,012052,012052,012056,29,0120CC,none,ROM,0,1,1,StaticInteriorEntry,0,1,0
JMP_PC_INDEX_WORD,012052,012052,012056,30,012098,none,ROM,1,1,1,ObservedInteriorEntry,0,1,0
JMP_PC_INDEX_WORD,012052,012052,012056,31,012098,none,ROM,1,1,1,ObservedInteriorEntry,0,1,0
JMP_PC_INDEX_WORD,012052,012052,012056,32,012098,none,ROM,1,1,1,ObservedInteriorEntry,0,1,0
JMP_PC_INDEX_WORD,012378,012378,01237C,0,0123BE,none,ROM,0,1,1,StaticInteriorEntry,0,1,0
JMP_PC_INDEX_WORD,012378,012378,01237C,1,0123D0,none,ROM,1,1,1,ObservedInteriorEntry,0,1,0
JMP_PC_INDEX_WORD,012378,012378,01237C,2,0123D8,none,ROM,0,1,1,StaticInteriorEntry,0,1,0
JMP_PC_INDEX_WORD,012378,012378,01237C,3,0123D0,none,ROM,1,1,1,ObservedInteriorEntry,0,1,0
JMP_PC_INDEX_WORD,012378,012378,01237C,4,0123E0,none,ROM,0,1,1,StaticInteriorEntry,0,1,0
JMP_PC_INDEX_WORD,012378,012378,01237C,5,0123E0,none,ROM,0,1,1,StaticInteriorEntry,0,1,0
JMP_PC_INDEX_WORD,012378,012378,01237C,6,0123E0,none,ROM,0,1,1,StaticInteriorEntry,0,1,0
JMP_PC_INDEX_WORD,012378,012378,01237C,7,0123E0,none,ROM,0,1,1,StaticInteriorEntry,0,1,0
JMP_PC_INDEX_WORD,012378,012378,01237C,8,0123E0,none,ROM,0,1,1,StaticInteriorEntry,0,1,0
JMP_PC_INDEX_WORD,012378,012378,01237C,9,0123E0,none,ROM,0,1,1,StaticInteriorEntry,0,1,0
JMP_PC_INDEX_WORD,012378,012378,01237C,10,0123E0,none,ROM,0,1,1,StaticInteriorEntry,0,1,0
JMP_PC_INDEX_WORD,012378,012378,01237C,11,01242C,none,ROM,0,1,1,StaticInteriorEntry,0,1,0
JMP_PC_INDEX_WORD,012378,012378,01237C,12,0123D0,none,ROM,1,1,1,ObservedInteriorEntry,0,1,0
JMP_PC_INDEX_WORD,012378,012378,01237C,13,0123D8,none,ROM,0,1,1,StaticInteriorEntry,0,1,0
JMP_PC_INDEX_WORD,012378,012378,01237C,14,0123D0,none,ROM,1,1,1,ObservedInteriorEntry,0,1,0
JMP_PC_INDEX_WORD,012378,012378,01237C,15,0123D8,none,ROM,0,1,1,StaticInteriorEntry,0,1,0
JMP_PC_INDEX_WORD,012378,012378,01237C,16,0123EA,none,ROM,0,1,1,StaticInteriorEntry,0,1,0
JMP_PC_INDEX_WORD,012378,012378,01237C,17,0123EA,none,ROM,0,1,1,StaticInteriorEntry,0,1,0
JMP_PC_INDEX_WORD,012378,012378,01237C,18,0123EA,none,ROM,0,1,1,StaticInteriorEntry,0,1,0
JMP_PC_INDEX_WORD,012378,012378,01237C,19,0123EA,none,ROM,0,1,1,StaticInteriorEntry,0,1,0
JMP_PC_INDEX_WORD,012378,012378,01237C,20,01240A,none,ROM,0,1,1,StaticInteriorEntry,0,1,0
JMP_PC_INDEX_WORD,012378,012378,01237C,21,01240A,none,ROM,0,1,1,StaticInteriorEntry,0,1,0
JMP_PC_INDEX_WORD,012378,012378,01237C,22,01240A,none,ROM,0,1,1,StaticInteriorEntry,0,1,0
JMP_PC_INDEX_WORD,012378,012378,01237C,23,012444,none,ROM,0,1,1,StaticInteriorEntry,0,1,0
JMP_PC_INDEX_WORD,012378,012378,01237C,24,012492,none,ROM,0,1,1,StaticInteriorEntry,0,1,0
JMP_PC_INDEX_WORD,012378,012378,01237C,25,01249C,none,ROM,0,1,1,StaticInteriorEntry,0,1,0
JMP_PC_INDEX_WORD,012378,012378,01237C,26,0123D0,none,ROM,1,1,1,ObservedInteriorEntry,0,1,0
JMP_PC_INDEX_WORD,012378,012378,01237C,27,0124A6,none,ROM,0,1,1,StaticInteriorEntry,0,1,0
JMP_PC_INDEX_WORD,012378,012378,01237C,28,0124B0,none,ROM,0,1,1,StaticInteriorEntry,0,1,0
JMP_PC_INDEX_WORD,012378,012378,01237C,29,0124CA,none,ROM,0,1,1,StaticInteriorEntry,0,1,0
JMP_PC_INDEX_WORD,012378,012378,01237C,30,012472,none,ROM,0,1,1,StaticInteriorEntry,0,1,0
JMP_PC_INDEX_WORD,012378,012378,01237C,31,0123D0,none,ROM,1,1,1,ObservedInteriorEntry,0,1,0
JMP_PC_INDEX_WORD,012378,012378,01237C,32,0123BE,none,ROM,0,1,1,StaticInteriorEntry,0,1,0
JMP_PC_INDEX_WORD,0124E4,0124E4,0124E8,0,01252A,none,ROM,1,1,1,ObservedInteriorEntry,0,1,0
JMP_PC_INDEX_WORD,0124E4,0124E4,0124E8,1,01252C,none,ROM,1,1,1,ObservedInteriorEntry,0,1,0
JMP_PC_INDEX_WORD,0124E4,0124E4,0124E8,2,01252C,none,ROM,1,1,1,ObservedInteriorEntry,0,1,0
JMP_PC_INDEX_WORD,0124E4,0124E4,0124E8,3,01252C,none,ROM,1,1,1,ObservedInteriorEntry,0,1,0
JMP_PC_INDEX_WORD,0124E4,0124E4,0124E8,4,01252C,none,ROM,1,1,1,ObservedInteriorEntry,0,1,0
JMP_PC_INDEX_WORD,0124E4,0124E4,0124E8,5,01252C,none,ROM,1,1,1,ObservedInteriorEntry,0,1,0
JMP_PC_INDEX_WORD,0124E4,0124E4,0124E8,6,01252C,none,ROM,1,1,1,ObservedInteriorEntry,0,1,0
JMP_PC_INDEX_WORD,0124E4,0124E4,0124E8,7,01252C,none,ROM,1,1,1,ObservedInteriorEntry,0,1,0
JMP_PC_INDEX_WORD,0124E4,0124E4,0124E8,8,01252C,none,ROM,1,1,1,ObservedInteriorEntry,0,1,0
JMP_PC_INDEX_WORD,0124E4,0124E4,0124E8,9,01252C,none,ROM,1,1,1,ObservedInteriorEntry,0,1,0
JMP_PC_INDEX_WORD,0124E4,0124E4,0124E8,10,01252C,none,ROM,1,1,1,ObservedInteriorEntry,0,1,0
JMP_PC_INDEX_WORD,0124E4,0124E4,0124E8,11,01252C,none,ROM,1,1,1,ObservedInteriorEntry,0,1,0
JMP_PC_INDEX_WORD,0124E4,0124E4,0124E8,12,01252C,none,ROM,1,1,1,ObservedInteriorEntry,0,1,0
JMP_PC_INDEX_WORD,0124E4,0124E4,0124E8,13,01252C,none,ROM,1,1,1,ObservedInteriorEntry,0,1,0
JMP_PC_INDEX_WORD,0124E4,0124E4,0124E8,14,01252C,none,ROM,1,1,1,ObservedInteriorEntry,0,1,0
JMP_PC_INDEX_WORD,0124E4,0124E4,0124E8,15,01252C,none,ROM,1,1,1,ObservedInteriorEntry,0,1,0
JMP_PC_INDEX_WORD,0124E4,0124E4,0124E8,16,01252A,none,ROM,1,1,1,ObservedInteriorEntry,0,1,0
JMP_PC_INDEX_WORD,0124E4,0124E4,0124E8,17,01252A,none,ROM,1,1,1,ObservedInteriorEntry,0,1,0
JMP_PC_INDEX_WORD,0124E4,0124E4,0124E8,18,01252A,none,ROM,1,1,1,ObservedInteriorEntry,0,1,0
JMP_PC_INDEX_WORD,0124E4,0124E4,0124E8,19,01252A,none,ROM,1,1,1,ObservedInteriorEntry,0,1,0
JMP_PC_INDEX_WORD,0124E4,0124E4,0124E8,20,01252A,none,ROM,1,1,1,ObservedInteriorEntry,0,1,0
JMP_PC_INDEX_WORD,0124E4,0124E4,0124E8,21,01252A,none,ROM,1,1,1,ObservedInteriorEntry,0,1,0
JMP_PC_INDEX_WORD,0124E4,0124E4,0124E8,22,01252A,none,ROM,1,1,1,ObservedInteriorEntry,0,1,0
JMP_PC_INDEX_WORD,0124E4,0124E4,0124E8,23,01252A,none,ROM,1,1,1,ObservedInteriorEntry,0,1,0
JMP_PC_INDEX_WORD,0124E4,0124E4,0124E8,24,01252A,none,ROM,1,1,1,ObservedInteriorEntry,0,1,0
JMP_PC_INDEX_WORD,0124E4,0124E4,0124E8,25,01252A,none,ROM,1,1,1,ObservedInteriorEntry,0,1,0
JMP_PC_INDEX_WORD,0124E4,0124E4,0124E8,26,01252C,none,ROM,1,1,1,ObservedInteriorEntry,0,1,0
JMP_PC_INDEX_WORD,0124E4,0124E4,0124E8,27,01252A,none,ROM,1,1,1,ObservedInteriorEntry,0,1,0
JMP_PC_INDEX_WORD,0124E4,0124E4,0124E8,28,01252A,none,ROM,1,1,1,ObservedInteriorEntry,0,1,0
JMP_PC_INDEX_WORD,0124E4,0124E4,0124E8,29,01252C,none,ROM,1,1,1,ObservedInteriorEntry,0,1,0
JMP_PC_INDEX_WORD,0124E4,0124E4,0124E8,30,01252A,none,ROM,1,1,1,ObservedInteriorEntry,0,1,0
JMP_PC_INDEX_WORD,0124E4,0124E4,0124E8,31,01252C,none,ROM,1,1,1,ObservedInteriorEntry,0,1,0
JMP_PC_INDEX_WORD,0124E4,0124E4,0124E8,32,01252A,none,ROM,1,1,1,ObservedInteriorEntry,0,1,0
JMP_PC_INDEX_WORD,012588,012588,01258C,0,0125D6,none,ROM,1,1,1,ObservedInteriorEntry,0,1,0
JMP_PC_INDEX_WORD,012588,012588,01258C,1,0125CE,none,ROM,1,1,1,ObservedInteriorEntry,0,1,0
JMP_PC_INDEX_WORD,012588,012588,01258C,2,0125D8,none,ROM,0,1,1,StaticInteriorEntry,0,1,0
JMP_PC_INDEX_WORD,012588,012588,01258C,3,0125CE,none,ROM,1,1,1,ObservedInteriorEntry,0,1,0
JMP_PC_INDEX_WORD,012588,012588,01258C,4,0125E2,none,ROM,0,1,1,StaticInteriorEntry,0,1,0
JMP_PC_INDEX_WORD,012588,012588,01258C,5,0125E2,none,ROM,0,1,1,StaticInteriorEntry,0,1,0
JMP_PC_INDEX_WORD,012588,012588,01258C,6,0125E2,none,ROM,0,1,1,StaticInteriorEntry,0,1,0
JMP_PC_INDEX_WORD,012588,012588,01258C,7,0125E2,none,ROM,0,1,1,StaticInteriorEntry,0,1,0
JMP_PC_INDEX_WORD,012588,012588,01258C,8,0125E2,none,ROM,0,1,1,StaticInteriorEntry,0,1,0
JMP_PC_INDEX_WORD,012588,012588,01258C,9,0125E2,none,ROM,0,1,1,StaticInteriorEntry,0,1,0
JMP_PC_INDEX_WORD,012588,012588,01258C,10,0125E2,none,ROM,0,1,1,StaticInteriorEntry,0,1,0
JMP_PC_INDEX_WORD,012588,012588,01258C,11,0125E2,none,ROM,0,1,1,StaticInteriorEntry,0,1,0
JMP_PC_INDEX_WORD,012588,012588,01258C,12,0125CE,none,ROM,1,1,1,ObservedInteriorEntry,0,1,0
JMP_PC_INDEX_WORD,012588,012588,01258C,13,0125D8,none,ROM,0,1,1,StaticInteriorEntry,0,1,0
JMP_PC_INDEX_WORD,012588,012588,01258C,14,0125CE,none,ROM,1,1,1,ObservedInteriorEntry,0,1,0
JMP_PC_INDEX_WORD,012588,012588,01258C,15,0125D8,none,ROM,0,1,1,StaticInteriorEntry,0,1,0
JMP_PC_INDEX_WORD,012588,012588,01258C,16,0125E2,none,ROM,0,1,1,StaticInteriorEntry,0,1,0
JMP_PC_INDEX_WORD,012588,012588,01258C,17,0125E2,none,ROM,0,1,1,StaticInteriorEntry,0,1,0
JMP_PC_INDEX_WORD,012588,012588,01258C,18,0125E2,none,ROM,0,1,1,StaticInteriorEntry,0,1,0
JMP_PC_INDEX_WORD,012588,012588,01258C,19,0125E2,none,ROM,0,1,1,StaticInteriorEntry,0,1,0
JMP_PC_INDEX_WORD,012588,012588,01258C,20,0125E2,none,ROM,0,1,1,StaticInteriorEntry,0,1,0
JMP_PC_INDEX_WORD,012588,012588,01258C,21,0125E2,none,ROM,0,1,1,StaticInteriorEntry,0,1,0
JMP_PC_INDEX_WORD,012588,012588,01258C,22,0125E2,none,ROM,0,1,1,StaticInteriorEntry,0,1,0
JMP_PC_INDEX_WORD,012588,012588,01258C,23,0125D6,none,ROM,1,1,1,ObservedInteriorEntry,0,1,0
JMP_PC_INDEX_WORD,012588,012588,01258C,24,0125D6,none,ROM,1,1,1,ObservedInteriorEntry,0,1,0
JMP_PC_INDEX_WORD,012588,012588,01258C,25,0125D6,none,ROM,1,1,1,ObservedInteriorEntry,0,1,0
JMP_PC_INDEX_WORD,012588,012588,01258C,26,0125CE,none,ROM,1,1,1,ObservedInteriorEntry,0,1,0
JMP_PC_INDEX_WORD,012588,012588,01258C,27,0125D6,none,ROM,1,1,1,ObservedInteriorEntry,0,1,0
JMP_PC_INDEX_WORD,012588,012588,01258C,28,0125D6,none,ROM,1,1,1,ObservedInteriorEntry,0,1,0
JMP_PC_INDEX_WORD,012588,012588,01258C,29,0125D6,none,ROM,1,1,1,ObservedInteriorEntry,0,1,0
JMP_PC_INDEX_WORD,012588,012588,01258C,30,0125CE,none,ROM,1,1,1,ObservedInteriorEntry,0,1,0
JMP_PC_INDEX_WORD,012588,012588,01258C,31,0125CE,none,ROM,1,1,1,ObservedInteriorEntry,0,1,0
JMP_PC_INDEX_WORD,012588,012588,01258C,32,0125D6,none,ROM,1,1,1,ObservedInteriorEntry,0,1,0
JMP_PC_INDEX_WORD,0125FA,0125FA,0125FE,0,012662,none,ROM,1,1,1,ObservedInteriorEntry,0,1,0
JMP_PC_INDEX_WORD,0125FA,0125FA,0125FE,1,012654,none,ROM,1,1,1,ObservedInteriorEntry,0,1,0
JMP_PC_INDEX_WORD,0125FA,0125FA,0125FE,2,012654,none,ROM,1,1,1,ObservedInteriorEntry,0,1,0
JMP_PC_INDEX_WORD,0125FA,0125FA,0125FE,3,012640,none,ROM,0,1,1,StaticInteriorEntry,0,1,0
JMP_PC_INDEX_WORD,0125FA,0125FA,0125FE,4,012654,none,ROM,1,1,1,ObservedInteriorEntry,0,1,0
JMP_PC_INDEX_WORD,0125FA,0125FA,0125FE,5,012654,none,ROM,1,1,1,ObservedInteriorEntry,0,1,0
JMP_PC_INDEX_WORD,0125FA,0125FA,0125FE,6,012654,none,ROM,1,1,1,ObservedInteriorEntry,0,1,0
JMP_PC_INDEX_WORD,0125FA,0125FA,0125FE,7,012654,none,ROM,1,1,1,ObservedInteriorEntry,0,1,0
JMP_PC_INDEX_WORD,0125FA,0125FA,0125FE,8,012654,none,ROM,1,1,1,ObservedInteriorEntry,0,1,0
JMP_PC_INDEX_WORD,0125FA,0125FA,0125FE,9,012654,none,ROM,1,1,1,ObservedInteriorEntry,0,1,0
JMP_PC_INDEX_WORD,0125FA,0125FA,0125FE,10,012654,none,ROM,1,1,1,ObservedInteriorEntry,0,1,0
JMP_PC_INDEX_WORD,0125FA,0125FA,0125FE,11,012662,none,ROM,1,1,1,ObservedInteriorEntry,0,1,0
JMP_PC_INDEX_WORD,0125FA,0125FA,0125FE,12,012662,none,ROM,1,1,1,ObservedInteriorEntry,0,1,0
JMP_PC_INDEX_WORD,0125FA,0125FA,0125FE,13,012662,none,ROM,1,1,1,ObservedInteriorEntry,0,1,0
JMP_PC_INDEX_WORD,0125FA,0125FA,0125FE,14,012662,none,ROM,1,1,1,ObservedInteriorEntry,0,1,0
JMP_PC_INDEX_WORD,0125FA,0125FA,0125FE,15,012662,none,ROM,1,1,1,ObservedInteriorEntry,0,1,0
JMP_PC_INDEX_WORD,0125FA,0125FA,0125FE,16,012662,none,ROM,1,1,1,ObservedInteriorEntry,0,1,0
JMP_PC_INDEX_WORD,0125FA,0125FA,0125FE,17,012662,none,ROM,1,1,1,ObservedInteriorEntry,0,1,0
JMP_PC_INDEX_WORD,0125FA,0125FA,0125FE,18,012662,none,ROM,1,1,1,ObservedInteriorEntry,0,1,0
JMP_PC_INDEX_WORD,0125FA,0125FA,0125FE,19,012662,none,ROM,1,1,1,ObservedInteriorEntry,0,1,0
JMP_PC_INDEX_WORD,0125FA,0125FA,0125FE,20,012662,none,ROM,1,1,1,ObservedInteriorEntry,0,1,0
JMP_PC_INDEX_WORD,0125FA,0125FA,0125FE,21,012662,none,ROM,1,1,1,ObservedInteriorEntry,0,1,0
JMP_PC_INDEX_WORD,0125FA,0125FA,0125FE,22,012662,none,ROM,1,1,1,ObservedInteriorEntry,0,1,0
JMP_PC_INDEX_WORD,0125FA,0125FA,0125FE,23,012662,none,ROM,1,1,1,ObservedInteriorEntry,0,1,0
JMP_PC_INDEX_WORD,0125FA,0125FA,0125FE,24,012662,none,ROM,1,1,1,ObservedInteriorEntry,0,1,0
JMP_PC_INDEX_WORD,0125FA,0125FA,0125FE,25,012662,none,ROM,1,1,1,ObservedInteriorEntry,0,1,0
JMP_PC_INDEX_WORD,0125FA,0125FA,0125FE,26,012654,none,ROM,1,1,1,ObservedInteriorEntry,0,1,0
JMP_PC_INDEX_WORD,0125FA,0125FA,0125FE,27,012662,none,ROM,1,1,1,ObservedInteriorEntry,0,1,0
JMP_PC_INDEX_WORD,0125FA,0125FA,0125FE,28,012662,none,ROM,1,1,1,ObservedInteriorEntry,0,1,0
JMP_PC_INDEX_WORD,0125FA,0125FA,0125FE,29,012662,none,ROM,1,1,1,ObservedInteriorEntry,0,1,0
JMP_PC_INDEX_WORD,0125FA,0125FA,0125FE,30,012662,none,ROM,1,1,1,ObservedInteriorEntry,0,1,0
JMP_PC_INDEX_WORD,0125FA,0125FA,0125FE,31,012654,none,ROM,1,1,1,ObservedInteriorEntry,0,1,0
JMP_PC_INDEX_WORD,0125FA,0125FA,0125FE,32,012662,none,ROM,1,1,1,ObservedInteriorEntry,0,1,0
JMP_PC_INDEX_WORD,012670,012670,012674,0,0126CC,none,ROM,1,1,1,ObservedInteriorEntry,0,1,0
JMP_PC_INDEX_WORD,012670,012670,012674,1,0126C4,none,ROM,1,1,1,ObservedInteriorEntry,0,1,0
JMP_PC_INDEX_WORD,012670,012670,012674,2,0126C4,none,ROM,1,1,1,ObservedInteriorEntry,0,1,0
JMP_PC_INDEX_WORD,012670,012670,012674,3,0126B6,none,ROM,0,1,1,StaticInteriorEntry,0,1,0
JMP_PC_INDEX_WORD,012670,012670,012674,4,0126C4,none,ROM,1,1,1,ObservedInteriorEntry,0,1,0
JMP_PC_INDEX_WORD,012670,012670,012674,5,0126C4,none,ROM,1,1,1,ObservedInteriorEntry,0,1,0
JMP_PC_INDEX_WORD,012670,012670,012674,6,0126C4,none,ROM,1,1,1,ObservedInteriorEntry,0,1,0
JMP_PC_INDEX_WORD,012670,012670,012674,7,0126C4,none,ROM,1,1,1,ObservedInteriorEntry,0,1,0
JMP_PC_INDEX_WORD,012670,012670,012674,8,0126C4,none,ROM,1,1,1,ObservedInteriorEntry,0,1,0
JMP_PC_INDEX_WORD,012670,012670,012674,9,0126C4,none,ROM,1,1,1,ObservedInteriorEntry,0,1,0
JMP_PC_INDEX_WORD,012670,012670,012674,10,0126C4,none,ROM,1,1,1,ObservedInteriorEntry,0,1,0
JMP_PC_INDEX_WORD,012670,012670,012674,11,0126CC,none,ROM,1,1,1,ObservedInteriorEntry,0,1,0
JMP_PC_INDEX_WORD,012670,012670,012674,12,0126CC,none,ROM,1,1,1,ObservedInteriorEntry,0,1,0
JMP_PC_INDEX_WORD,012670,012670,012674,13,0126CC,none,ROM,1,1,1,ObservedInteriorEntry,0,1,0
JMP_PC_INDEX_WORD,012670,012670,012674,14,0126CC,none,ROM,1,1,1,ObservedInteriorEntry,0,1,0
JMP_PC_INDEX_WORD,012670,012670,012674,15,0126CC,none,ROM,1,1,1,ObservedInteriorEntry,0,1,0
JMP_PC_INDEX_WORD,012670,012670,012674,16,0126CC,none,ROM,1,1,1,ObservedInteriorEntry,0,1,0
JMP_PC_INDEX_WORD,012670,012670,012674,17,0126CC,none,ROM,1,1,1,ObservedInteriorEntry,0,1,0
JMP_PC_INDEX_WORD,012670,012670,012674,18,0126CC,none,ROM,1,1,1,ObservedInteriorEntry,0,1,0
JMP_PC_INDEX_WORD,012670,012670,012674,19,0126CC,none,ROM,1,1,1,ObservedInteriorEntry,0,1,0
JMP_PC_INDEX_WORD,012670,012670,012674,20,0126CC,none,ROM,1,1,1,ObservedInteriorEntry,0,1,0
JMP_PC_INDEX_WORD,012670,012670,012674,21,0126CC,none,ROM,1,1,1,ObservedInteriorEntry,0,1,0
JMP_PC_INDEX_WORD,012670,012670,012674,22,0126CC,none,ROM,1,1,1,ObservedInteriorEntry,0,1,0
JMP_PC_INDEX_WORD,012670,012670,012674,23,0126CC,none,ROM,1,1,1,ObservedInteriorEntry,0,1,0
JMP_PC_INDEX_WORD,012670,012670,012674,24,0126CC,none,ROM,1,1,1,ObservedInteriorEntry,0,1,0
JMP_PC_INDEX_WORD,012670,012670,012674,25,0126CC,none,ROM,1,1,1,ObservedInteriorEntry,0,1,0
JMP_PC_INDEX_WORD,012670,012670,012674,26,0126C4,none,ROM,1,1,1,ObservedInteriorEntry,0,1,0
JMP_PC_INDEX_WORD,012670,012670,012674,27,0126CC,none,ROM,1,1,1,ObservedInteriorEntry,0,1,0
JMP_PC_INDEX_WORD,012670,012670,012674,28,0126CC,none,ROM,1,1,1,ObservedInteriorEntry,0,1,0
JMP_PC_INDEX_WORD,012670,012670,012674,29,0126CC,none,ROM,1,1,1,ObservedInteriorEntry,0,1,0
JMP_PC_INDEX_WORD,012670,012670,012674,30,0126CC,none,ROM,1,1,1,ObservedInteriorEntry,0,1,0
JMP_PC_INDEX_WORD,012670,012670,012674,31,0126C4,none,ROM,1,1,1,ObservedInteriorEntry,0,1,0
JMP_PC_INDEX_WORD,012670,012670,012674,32,0126CC,none,ROM,1,1,1,ObservedInteriorEntry,0,1,0
JMP_PC_INDEX_WORD,0127A6,0127A6,0127AA,0,0127B2,none,ROM,0,1,1,StaticInteriorEntry,0,1,0
JMP_PC_INDEX_WORD,0127A6,0127A6,0127AA,1,01286C,none,ROM,0,1,1,StaticInteriorEntry,0,1,0
JMP_PC_INDEX_WORD,0127A6,0127A6,0127AA,2,0129BA,none,ROM,0,1,1,StaticInteriorEntry,0,1,0
JMP_PC_INDEX_WORD,0127A6,0127A6,0127AA,3,0129FA,none,ROM,0,1,1,StaticInteriorEntry,0,1,0
JMP_PC_INDEX_WORD,0134F0,0134F0,0134F4,0,0134FE,none,ROM,0,1,1,StaticInteriorEntry,0,1,0
JMP_PC_INDEX_WORD,0134F0,0134F0,0134F4,1,0135AC,none,ROM,0,1,1,StaticInteriorEntry,0,1,0
JMP_PC_INDEX_WORD,0134F0,0134F0,0134F4,2,01362E,none,ROM,0,1,1,StaticInteriorEntry,0,1,0
JMP_PC_INDEX_WORD,0134F0,0134F0,0134F4,3,013634,none,ROM,0,1,1,StaticInteriorEntry,0,1,0
JMP_PC_INDEX_WORD,0134F0,0134F0,0134F4,4,01366C,none,ROM,0,1,1,StaticInteriorEntry,0,1,0
JMP_PC_INDEX_WORD,014042,014042,014046,0,014060,none,ROM,0,1,1,StaticInteriorEntry,0,1,0
JMP_PC_INDEX_WORD,014042,014042,014046,1,014104,none,ROM,0,1,1,StaticInteriorEntry,0,1,0
JMP_PC_INDEX_WORD,014042,014042,014046,2,014288,none,ROM,0,1,1,StaticInteriorEntry,0,1,0
JMP_PC_INDEX_WORD,014042,014042,014046,3,0143CC,none,ROM,0,1,1,StaticInteriorEntry,0,1,0
JMP_PC_INDEX_WORD,014042,014042,014046,4,0143DC,none,ROM,0,1,1,StaticInteriorEntry,0,1,0
JMP_PC_INDEX_WORD,014042,014042,014046,5,01444C,none,ROM,0,1,1,StaticInteriorEntry,0,1,0
JMP_PC_INDEX_WORD,014042,014042,014046,6,014654,none,ROM,0,1,1,StaticInteriorEntry,0,1,0
JMP_PC_INDEX_WORD,014042,014042,014046,7,01468E,none,ROM,0,1,1,StaticInteriorEntry,0,1,0
JMP_PC_INDEX_WORD,014042,014042,014046,8,01472C,none,ROM,0,1,1,StaticInteriorEntry,0,1,0
JMP_PC_INDEX_WORD,014042,014042,014046,9,014788,none,ROM,0,1,1,StaticInteriorEntry,0,1,0
JMP_PC_INDEX_WORD,014042,014042,014046,10,0147EC,none,ROM,0,1,1,StaticInteriorEntry,0,1,0
JMP_PC_INDEX_WORD,014042,014042,014046,11,0147EE,none,ROM,0,1,1,StaticInteriorEntry,0,1,0
JMP_PC_INDEX_WORD,014042,014042,014046,12,01482C,none,ROM,0,1,1,StaticInteriorEntry,0,1,0
JMP_PC_INDEX_WORD,014456,014456,01445A,0,01446A,none,ROM,0,1,1,StaticInteriorEntry,0,1,0
JMP_PC_INDEX_WORD,014456,014456,01445A,1,0144DA,none,ROM,0,1,1,StaticInteriorEntry,0,1,0
JMP_PC_INDEX_WORD,014456,014456,01445A,2,0144EC,none,ROM,0,1,1,StaticInteriorEntry,0,1,0
JMP_PC_INDEX_WORD,014456,014456,01445A,3,0144F8,none,ROM,0,1,1,StaticInteriorEntry,0,1,0
JMP_PC_INDEX_WORD,014456,014456,01445A,4,014506,none,ROM,0,1,1,StaticInteriorEntry,0,1,0
JMP_PC_INDEX_WORD,014456,014456,01445A,5,014532,none,ROM,0,1,1,StaticInteriorEntry,0,1,0
JMP_PC_INDEX_WORD,014456,014456,01445A,6,014578,none,ROM,0,1,1,StaticInteriorEntry,0,1,0
JMP_PC_INDEX_WORD,014456,014456,01445A,7,01462A,none,ROM,0,1,1,StaticInteriorEntry,0,1,0
JMP_PC_INDEX_WORD,014698,014698,01469C,0,0146A8,none,ROM,0,1,1,StaticInteriorEntry,0,1,0
JMP_PC_INDEX_WORD,014698,014698,01469C,1,0146BE,none,ROM,0,1,1,StaticInteriorEntry,0,1,0
JMP_PC_INDEX_WORD,014698,014698,01469C,2,0146D8,none,ROM,0,1,1,StaticInteriorEntry,0,1,0
JMP_PC_INDEX_WORD,014698,014698,01469C,3,0146EA,none,ROM,0,1,1,StaticInteriorEntry,0,1,0
JMP_PC_INDEX_WORD,014698,014698,01469C,4,014700,none,ROM,0,1,1,StaticInteriorEntry,0,1,0
JMP_PC_INDEX_WORD,014698,014698,01469C,5,014716,none,ROM,0,1,1,StaticInteriorEntry,0,1,0
JMP_PC_INDEX_WORD,015EFA,015EFA,015EFE,0,015F0C,none,ROM,0,1,1,StaticInteriorEntry,0,1,0
JMP_PC_INDEX_WORD,015EFA,015EFA,015EFE,1,015F3A,none,ROM,0,1,1,StaticInteriorEntry,0,1,0
JMP_PC_INDEX_WORD,015EFA,015EFA,015EFE,2,015F84,none,ROM,0,1,1,StaticInteriorEntry,0,1,0
JMP_PC_INDEX_WORD,015EFA,015EFA,015EFE,3,015F9C,none,ROM,0,1,1,StaticInteriorEntry,0,1,0
JMP_PC_INDEX_WORD,015EFA,015EFA,015EFE,4,015FB0,none,ROM,0,1,1,StaticInteriorEntry,0,1,0
JMP_PC_INDEX_WORD,015EFA,015EFA,015EFE,5,0160C0,none,ROM,0,1,1,StaticInteriorEntry,0,1,0
JMP_PC_INDEX_WORD,015EFA,015EFA,015EFE,6,01611C,none,ROM,0,1,1,StaticInteriorEntry,0,1,0
JMP_PC_INDEX_WORD,022E68,022E68,022E6C,0,022E7C,none,ROM,0,1,1,StaticInteriorEntry,0,1,0
JMP_PC_INDEX_WORD,022E68,022E68,022E6C,1,022ED2,none,ROM,0,1,1,StaticInteriorEntry,0,1,0
JMP_PC_INDEX_WORD,022E68,022E68,022E6C,2,022EE8,none,ROM,0,1,1,StaticInteriorEntry,0,1,0
JMP_PC_INDEX_WORD,022E68,022E68,022E6C,3,022EE2,none,ROM,0,1,1,StaticInteriorEntry,0,1,0
JMP_PC_INDEX_WORD,022E68,022E68,022E6C,4,022F04,none,ROM,0,1,1,StaticInteriorEntry,0,1,0
JMP_PC_INDEX_WORD,022E68,022E68,022E6C,5,022FE8,none,ROM,0,1,1,StaticInteriorEntry,0,1,0
JMP_PC_INDEX_WORD,022E68,022E68,022E6C,6,022DB8,none,ROM,0,1,1,StaticInteriorEntry,0,1,0
JMP_PC_INDEX_WORD,022E68,022E68,022E6C,7,022E58,none,ROM,0,1,1,StaticInteriorEntry,0,1,0
JMP_PC_INDEX_WORD,02A092,02A092,02A096,0,02A0AE,none,ROM,0,1,1,StaticInteriorEntry,0,1,0
JMP_PC_INDEX_WORD,02A092,02A092,02A096,1,02A0D8,none,ROM,0,1,1,StaticInteriorEntry,0,1,0
JMP_PC_INDEX_WORD,02A092,02A092,02A096,2,02A0F0,none,ROM,0,1,1,StaticInteriorEntry,0,1,0
JMP_PC_INDEX_WORD,02A092,02A092,02A096,3,02A156,none,ROM,0,1,1,StaticInteriorEntry,0,1,0
JMP_PC_INDEX_WORD,02A092,02A092,02A096,4,02A15C,none,ROM,0,1,1,StaticInteriorEntry,0,1,0
JMP_PC_INDEX_WORD,02A092,02A092,02A096,5,02A162,none,ROM,0,1,1,StaticInteriorEntry,0,1,0
JMP_PC_INDEX_WORD,02A092,02A092,02A096,6,02A1AE,none,ROM,0,1,1,StaticInteriorEntry,0,1,0
JMP_PC_INDEX_WORD,02A092,02A092,02A096,7,02A1C8,none,ROM,0,1,1,StaticInteriorEntry,0,1,0
JMP_PC_INDEX_WORD,02A092,02A092,02A096,8,02A1CE,none,ROM,0,1,1,StaticInteriorEntry,0,1,0
JMP_PC_INDEX_WORD,02A092,02A092,02A096,9,02A1D4,none,ROM,0,1,1,StaticInteriorEntry,0,1,0
JMP_PC_INDEX_WORD,02A092,02A092,02A096,10,02A202,none,ROM,0,1,1,StaticInteriorEntry,0,1,0
JMP_PC_INDEX_WORD,02A092,02A092,02A096,11,02A23E,none,ROM,0,1,1,StaticInteriorEntry,0,1,0
JMP_PC_INDEX_WORD,02F386,02F386,02F38A,0,02F3CE,none,ROM,1,1,1,ObservedInteriorEntry,0,1,0
JMP_PC_INDEX_WORD,02F386,02F386,02F38A,1,02F470,none,ROM,1,1,1,ObservedInteriorEntry,0,1,0
JMP_PC_INDEX_WORD,02F386,02F386,02F38A,2,02F74A,none,ROM,1,1,1,ObservedInteriorEntry,0,1,0
JMP_PC_INDEX_WORD,02F386,02F386,02F38A,3,02F764,none,ROM,1,1,1,ObservedInteriorEntry,0,1,0
JMP_PC_INDEX_WORD,02F386,02F386,02F38A,4,02F55E,none,ROM,1,1,1,ObservedInteriorEntry,0,1,0
JMP_PC_INDEX_WORD,02F386,02F386,02F38A,5,02F516,none,ROM,1,1,1,ObservedInteriorEntry,0,1,0
JMP_PC_INDEX_WORD,02F386,02F386,02F38A,6,02F3BE,none,ROM,1,1,1,ObservedInteriorEntry,0,1,0
JMP_PC_INDEX_WORD,02F386,02F386,02F38A,7,02F77C,none,ROM,1,1,1,ObservedInteriorEntry,0,1,0
JMP_PC_INDEX_WORD,02F386,02F386,02F38A,8,02F698,none,ROM,1,1,1,ObservedInteriorEntry,0,1,0
JMP_PC_INDEX_WORD,02F386,02F386,02F38A,9,02F6AA,none,ROM,1,1,1,ObservedInteriorEntry,0,1,0
JMP_PC_INDEX_WORD,02F386,02F386,02F38A,10,02F816,none,ROM,1,1,1,ObservedInteriorEntry,0,1,0
JMP_PC_INDEX_WORD,02F386,02F386,02F38A,11,02F3BE,none,ROM,1,1,1,ObservedInteriorEntry,0,1,0
JMP_PC_INDEX_WORD,02F386,02F386,02F38A,12,02F7AE,none,ROM,1,1,1,ObservedInteriorEntry,0,1,0
JMP_PC_INDEX_WORD,02F386,02F386,02F38A,13,02F6B8,none,ROM,1,1,1,ObservedInteriorEntry,0,1,0
JMP_PC_INDEX_WORD,02F386,02F386,02F38A,14,02F6CA,none,ROM,1,1,1,ObservedInteriorEntry,0,1,0
JMP_PC_INDEX_WORD,02F386,02F386,02F38A,15,02F58E,none,ROM,1,1,1,ObservedInteriorEntry,0,1,0
JMP_PC_INDEX_WORD,02F386,02F386,02F38A,16,02F538,none,ROM,1,1,1,ObservedInteriorEntry,0,1,0
JMP_PC_INDEX_WORD,02F386,02F386,02F38A,17,02F816,none,ROM,1,1,1,ObservedInteriorEntry,0,1,0
JMP_PC_INDEX_WORD,02F386,02F386,02F38A,18,02F7EE,none,ROM,1,1,1,ObservedInteriorEntry,0,1,0
JMP_PC_INDEX_WORD,02F386,02F386,02F38A,19,02F816,none,ROM,1,1,1,ObservedInteriorEntry,0,1,0
JMP_PC_INDEX_WORD,02F386,02F386,02F38A,20,02F822,none,ROM,1,1,1,ObservedInteriorEntry,0,1,0
JMP_PC_INDEX_WORD,02F386,02F386,02F38A,21,02F59E,none,ROM,1,1,1,ObservedInteriorEntry,0,1,0
JMP_PC_INDEX_WORD,02F386,02F386,02F38A,22,02F56E,none,ROM,1,1,1,ObservedInteriorEntry,0,1,0
JMP_PC_INDEX_WORD,02F386,02F386,02F38A,23,02F84E,none,ROM,1,1,1,ObservedInteriorEntry,0,1,0
JMP_PC_INDEX_WORD,02F386,02F386,02F38A,24,02F866,none,ROM,1,1,1,ObservedInteriorEntry,0,1,0
JMP_PC_INDEX_WORD,02F386,02F386,02F38A,25,02F89C,none,ROM,0,1,1,StaticInteriorEntry,0,1,0
JMP_PC_INDEX_WORD,02F8A8,02F8A8,02F8AC,0,02F8B6,none,ROM,0,1,1,StaticInteriorEntry,0,1,0
JMP_PC_INDEX_WORD,02F8A8,02F8A8,02F8AC,1,02F8D0,none,ROM,0,1,1,StaticInteriorEntry,0,1,0
JMP_PC_INDEX_WORD,02F8A8,02F8A8,02F8AC,2,02F91E,none,ROM,0,1,1,StaticInteriorEntry,0,1,0
JMP_PC_INDEX_WORD,02F8A8,02F8A8,02F8AC,3,02F940,none,ROM,0,1,1,StaticInteriorEntry,0,1,0
JMP_PC_INDEX_WORD,02F8A8,02F8A8,02F8AC,4,02F94A,none,ROM,0,1,1,StaticInteriorEntry,0,1,0
JMP_PC_INDEX_WORD,02FAE2,02FAE2,02FAE6,0,02FAF2,none,ROM,1,1,1,ObservedInteriorEntry,0,1,0
JMP_PC_INDEX_WORD,02FAE2,02FAE2,02FAE6,1,02FB70,none,ROM,1,1,1,ObservedInteriorEntry,0,1,0
JMP_PC_INDEX_WORD,02FAE2,02FAE2,02FAE6,2,02FB84,none,ROM,1,1,1,ObservedInteriorEntry,0,1,0
JMP_PC_INDEX_WORD,02FAE2,02FAE2,02FAE6,3,02FC32,none,ROM,1,1,1,ObservedInteriorEntry,0,1,0
JMP_PC_INDEX_WORD,02FAE2,02FAE2,02FAE6,4,02FC5E,none,ROM,1,1,1,ObservedInteriorEntry,0,1,0
JMP_PC_INDEX_WORD,02FAE2,02FAE2,02FAE6,5,02FCBC,none,ROM,1,1,1,ObservedInteriorEntry,0,1,0
JMP_PC_INDEX_WORD,0309F2,0309F2,0309F6,0,030A18,none,ROM,0,1,1,StaticInteriorEntry,0,1,0
JMP_PC_INDEX_WORD,0309F2,0309F2,0309F6,1,030A74,none,ROM,0,1,1,StaticInteriorEntry,0,1,0
JMP_PC_INDEX_WORD,0309F2,0309F2,0309F6,2,030AD4,none,ROM,0,1,1,StaticInteriorEntry,0,1,0
JMP_PC_INDEX_WORD,0309F2,0309F2,0309F6,3,030B62,none,ROM,0,1,1,StaticInteriorEntry,0,1,0
JMP_PC_INDEX_WORD,0309F2,0309F2,0309F6,4,030B84,none,ROM,0,1,1,StaticInteriorEntry,0,1,0
JMP_PC_INDEX_WORD,0309F2,0309F2,0309F6,5,030C88,none,ROM,0,1,1,StaticInteriorEntry,0,1,0
JMP_PC_INDEX_WORD,0309F2,0309F2,0309F6,6,030D1E,none,ROM,0,1,1,StaticInteriorEntry,0,1,0
JMP_PC_INDEX_WORD,0309F2,0309F2,0309F6,7,030E02,none,ROM,0,1,1,StaticInteriorEntry,0,1,0
JMP_PC_INDEX_WORD,0309F2,0309F2,0309F6,8,030F0A,none,ROM,0,1,1,StaticInteriorEntry,0,1,0
JMP_PC_INDEX_WORD,0309F2,0309F2,0309F6,9,030F90,none,ROM,0,1,1,StaticInteriorEntry,0,1,0
JMP_PC_INDEX_WORD,0309F2,0309F2,0309F6,10,030FE0,none,ROM,0,1,1,StaticInteriorEntry,0,1,0
JMP_PC_INDEX_WORD,0309F2,0309F2,0309F6,11,0310E8,none,ROM,0,1,1,StaticInteriorEntry,0,1,0
JMP_PC_INDEX_WORD,0309F2,0309F2,0309F6,12,031148,none,ROM,0,1,1,StaticInteriorEntry,0,1,0
JMP_PC_INDEX_WORD,0309F2,0309F2,0309F6,13,0311C0,none,ROM,0,1,1,StaticInteriorEntry,0,1,0
JMP_PC_INDEX_WORD,030ADE,030ADE,030AE2,0,030AEA,none,ROM,0,1,1,StaticInteriorEntry,0,1,0
JMP_PC_INDEX_WORD,030ADE,030ADE,030AE2,1,030B16,none,ROM,0,1,1,StaticInteriorEntry,0,1,0
JMP_PC_INDEX_WORD,030ADE,030ADE,030AE2,2,030B44,none,ROM,0,1,1,StaticInteriorEntry,0,1,0
JMP_PC_INDEX_WORD,030ADE,030ADE,030AE2,3,030B48,none,ROM,0,1,1,StaticInteriorEntry,0,1,0
JMP_PC_INDEX_WORD,030B8E,030B8E,030B92,0,030BAE,none,ROM,0,1,1,StaticInteriorEntry,0,1,0
JMP_PC_INDEX_WORD,030B8E,030B8E,030B92,1,030BC4,none,ROM,0,1,1,StaticInteriorEntry,0,1,0
JMP_PC_INDEX_WORD,030B8E,030B8E,030B92,2,030BBA,none,ROM,0,1,1,StaticInteriorEntry,0,1,0
JMP_PC_INDEX_WORD,030B8E,030B8E,030B92,3,030BCA,none,ROM,0,1,1,StaticInteriorEntry,0,1,0
JMP_PC_INDEX_WORD,030B8E,030B8E,030B92,4,030BD4,none,ROM,0,1,1,StaticInteriorEntry,0,1,0
JMP_PC_INDEX_WORD,030B8E,030B8E,030B92,5,030BE0,none,ROM,0,1,1,StaticInteriorEntry,0,1,0
JMP_PC_INDEX_WORD,030B8E,030B8E,030B92,6,030BEC,none,ROM,0,1,1,StaticInteriorEntry,0,1,0
JMP_PC_INDEX_WORD,030B8E,030B8E,030B92,7,030C14,none,ROM,0,1,1,StaticInteriorEntry,0,1,0
JMP_PC_INDEX_WORD,030B8E,030B8E,030B92,8,030C20,none,ROM,0,1,1,StaticInteriorEntry,0,1,0
JMP_PC_INDEX_WORD,030B8E,030B8E,030B92,9,030BAE,none,ROM,0,1,1,StaticInteriorEntry,0,1,0
JMP_PC_INDEX_WORD,030B8E,030B8E,030B92,10,030C2C,none,ROM,0,1,1,StaticInteriorEntry,0,1,0
JMP_PC_INDEX_WORD,030B8E,030B8E,030B92,11,030BBA,none,ROM,0,1,1,StaticInteriorEntry,0,1,0
JMP_PC_INDEX_WORD,030B8E,030B8E,030B92,12,030C32,none,ROM,0,1,1,StaticInteriorEntry,0,1,0
JMP_PC_INDEX_WORD,030B8E,030B8E,030B92,13,030C48,none,ROM,0,1,1,StaticInteriorEntry,0,1,0
JMP_PC_INDEX_WORD,030E0C,030E0C,030E10,0,030E1A,none,ROM,0,1,1,StaticInteriorEntry,0,1,0
JMP_PC_INDEX_WORD,030E0C,030E0C,030E10,1,030E62,none,ROM,0,1,1,StaticInteriorEntry,0,1,0
JMP_PC_INDEX_WORD,030E0C,030E0C,030E10,2,030EB8,none,ROM,0,1,1,StaticInteriorEntry,0,1,0
JMP_PC_INDEX_WORD,030E0C,030E0C,030E10,3,030EBC,none,ROM,0,1,1,StaticInteriorEntry,0,1,0
JMP_PC_INDEX_WORD,030E0C,030E0C,030E10,4,030EC0,none,ROM,0,1,1,StaticInteriorEntry,0,1,0
JMP_PC_INDEX_WORD,030F20,030F20,030F24,0,030F2C,none,ROM,0,1,1,StaticInteriorEntry,0,1,0
JMP_PC_INDEX_WORD,030F20,030F20,030F24,1,030F54,none,ROM,0,1,1,StaticInteriorEntry,0,1,0
JMP_PC_INDEX_WORD,030F20,030F20,030F24,2,030F82,none,ROM,0,1,1,StaticInteriorEntry,0,1,0
JMP_PC_INDEX_WORD,030F20,030F20,030F24,3,030F86,none,ROM,0,1,1,StaticInteriorEntry,0,1,0
JMP_PC_INDEX_WORD,030F9E,030F9E,030FA2,0,030FAA,none,ROM,0,1,1,StaticInteriorEntry,0,1,0
JMP_PC_INDEX_WORD,030F9E,030F9E,030FA2,1,030FC8,none,ROM,0,1,1,StaticInteriorEntry,0,1,0
JMP_PC_INDEX_WORD,030F9E,030F9E,030FA2,2,030FD0,none,ROM,0,1,1,StaticInteriorEntry,0,1,0
JMP_PC_INDEX_WORD,030F9E,030F9E,030FA2,3,030FD8,none,ROM,0,1,1,StaticInteriorEntry,0,1,0
JMP_PC_INDEX_WORD,030FEA,030FEA,030FEE,0,030FF8,none,ROM,0,1,1,StaticInteriorEntry,0,1,0
JMP_PC_INDEX_WORD,030FEA,030FEA,030FEE,1,031042,none,ROM,0,1,1,StaticInteriorEntry,0,1,0
JMP_PC_INDEX_WORD,030FEA,030FEA,030FEE,2,031096,none,ROM,0,1,1,StaticInteriorEntry,0,1,0
JMP_PC_INDEX_WORD,030FEA,030FEA,030FEE,3,03109A,none,ROM,0,1,1,StaticInteriorEntry,0,1,0
JMP_PC_INDEX_WORD,030FEA,030FEA,030FEE,4,03109E,none,ROM,0,1,1,StaticInteriorEntry,0,1,0
JMP_PC_INDEX_WORD,0311CA,0311CA,0311CE,0,0311D6,none,ROM,0,1,1,StaticInteriorEntry,0,1,0
JMP_PC_INDEX_WORD,0311CA,0311CA,0311CE,1,031204,none,ROM,0,1,1,StaticInteriorEntry,0,1,0
JMP_PC_INDEX_WORD,0311CA,0311CA,0311CE,2,031226,none,ROM,0,1,1,StaticInteriorEntry,0,1,0
JMP_PC_INDEX_WORD,0311CA,0311CA,0311CE,3,031242,none,ROM,0,1,1,StaticInteriorEntry,0,1,0
JMP_PC_INDEX_WORD,0312BA,0312BA,0312BE,0,0312C8,none,ROM,0,1,1,StaticInteriorEntry,0,1,0
JMP_PC_INDEX_WORD,0312BA,0312BA,0312BE,1,0312FA,none,ROM,0,1,1,StaticInteriorEntry,0,1,0
JMP_PC_INDEX_WORD,0312BA,0312BA,0312BE,2,03133A,none,ROM,0,1,1,StaticInteriorEntry,0,1,0
JMP_PC_INDEX_WORD,0312BA,0312BA,0312BE,3,03133E,none,ROM,0,1,1,StaticInteriorEntry,0,1,0
JMP_PC_INDEX_WORD,0312BA,0312BA,0312BE,4,031342,none,ROM,0,1,1,StaticInteriorEntry,0,1,0
JMP_PC_INDEX_WORD,03137E,03137E,031382,0,03138A,none,ROM,0,1,1,StaticInteriorEntry,0,1,0
JMP_PC_INDEX_WORD,03137E,03137E,031382,1,0313A0,none,ROM,0,1,1,StaticInteriorEntry,0,1,0
JMP_PC_INDEX_WORD,03137E,03137E,031382,2,031404,none,ROM,0,1,1,StaticInteriorEntry,0,1,0
JMP_PC_INDEX_WORD,03137E,03137E,031382,3,03142C,none,ROM,0,1,1,StaticInteriorEntry,0,1,0
JMP_PC_INDEX_WORD,031C8C,031C8C,031C90,0,031CA4,none,ROM,0,1,1,StaticInteriorEntry,0,1,0
JMP_PC_INDEX_WORD,031C8C,031C8C,031C90,1,031DD2,none,ROM,0,1,1,StaticInteriorEntry,0,1,0
JMP_PC_INDEX_WORD,031C8C,031C8C,031C90,2,031DDC,none,ROM,0,1,1,StaticInteriorEntry,0,1,0
JMP_PC_INDEX_WORD,031C8C,031C8C,031C90,3,031F2A,none,ROM,0,1,1,StaticInteriorEntry,0,1,0
JMP_PC_INDEX_WORD,031C8C,031C8C,031C90,4,03203A,none,ROM,0,1,1,StaticInteriorEntry,0,1,0
JMP_PC_INDEX_WORD,031C8C,031C8C,031C90,5,031DDC,none,ROM,0,1,1,StaticInteriorEntry,0,1,0
JMP_PC_INDEX_WORD,031C8C,031C8C,031C90,6,031DDC,none,ROM,0,1,1,StaticInteriorEntry,0,1,0
JMP_PC_INDEX_WORD,031C8C,031C8C,031C90,7,031DDC,none,ROM,0,1,1,StaticInteriorEntry,0,1,0
JMP_PC_INDEX_WORD,031C8C,031C8C,031C90,8,031DDC,none,ROM,0,1,1,StaticInteriorEntry,0,1,0
JMP_PC_INDEX_WORD,031C8C,031C8C,031C90,9,0321A4,none,ROM,0,1,1,StaticInteriorEntry,0,1,0
JMP_PC_INDEX_WORD,031DE6,031DE6,031DEA,0,031DF4,none,ROM,0,1,1,StaticInteriorEntry,0,1,0
JMP_PC_INDEX_WORD,031DE6,031DE6,031DEA,1,031E2E,none,ROM,0,1,1,StaticInteriorEntry,0,1,0
JMP_PC_INDEX_WORD,031DE6,031DE6,031DEA,2,031E74,none,ROM,0,1,1,StaticInteriorEntry,0,1,0
JMP_PC_INDEX_WORD,031DE6,031DE6,031DEA,3,031ECC,none,ROM,0,1,1,StaticInteriorEntry,0,1,0
JMP_PC_INDEX_WORD,031DE6,031DE6,031DEA,4,031F0E,none,ROM,0,1,1,StaticInteriorEntry,0,1,0
JMP_PC_INDEX_WORD,031F34,031F34,031F38,0,031F42,none,ROM,0,1,1,StaticInteriorEntry,0,1,0
JMP_PC_INDEX_WORD,031F34,031F34,031F38,1,031F66,none,ROM,0,1,1,StaticInteriorEntry,0,1,0
JMP_PC_INDEX_WORD,031F34,031F34,031F38,2,031F92,none,ROM,0,1,1,StaticInteriorEntry,0,1,0
JMP_PC_INDEX_WORD,031F34,031F34,031F38,3,031FF4,none,ROM,0,1,1,StaticInteriorEntry,0,1,0
JMP_PC_INDEX_WORD,031F34,031F34,031F38,4,032018,none,ROM,0,1,1,StaticInteriorEntry,0,1,0
JMP_PC_INDEX_WORD,032044,032044,032048,0,032052,none,ROM,0,1,1,StaticInteriorEntry,0,1,0
JMP_PC_INDEX_WORD,032044,032044,032048,1,032092,none,ROM,0,1,1,StaticInteriorEntry,0,1,0
JMP_PC_INDEX_WORD,032044,032044,032048,2,0320EE,none,ROM,0,1,1,StaticInteriorEntry,0,1,0
JMP_PC_INDEX_WORD,032044,032044,032048,3,03214A,none,ROM,0,1,1,StaticInteriorEntry,0,1,0
JMP_PC_INDEX_WORD,032044,032044,032048,4,032176,none,ROM,0,1,1,StaticInteriorEntry,0,1,0
JMP_PC_INDEX_WORD,0321AE,0321AE,0321B2,0,0321B8,none,ROM,0,1,1,StaticInteriorEntry,0,1,0
JMP_PC_INDEX_WORD,0321AE,0321AE,0321B2,1,0321EC,none,ROM,0,1,1,StaticInteriorEntry,0,1,0
JMP_PC_INDEX_WORD,0321AE,0321AE,0321B2,2,03221E,none,ROM,0,1,1,StaticInteriorEntry,0,1,0
JMP_PC_INDEX_WORD,03271C,03271C,032720,0,03272C,none,ROM,0,1,1,StaticInteriorEntry,0,1,0
JMP_PC_INDEX_WORD,03271C,03271C,032720,1,032756,none,ROM,0,1,1,StaticInteriorEntry,0,1,0
JMP_PC_INDEX_WORD,03271C,03271C,032720,2,03278C,none,ROM,0,1,1,StaticInteriorEntry,0,1,0
JMP_PC_INDEX_WORD,03271C,03271C,032720,3,03279C,none,ROM,0,1,1,StaticInteriorEntry,0,1,0
JMP_PC_INDEX_WORD,03271C,03271C,032720,4,03280E,none,ROM,0,1,1,StaticInteriorEntry,0,1,0
JMP_PC_INDEX_WORD,03271C,03271C,032720,5,032876,none,ROM,0,1,1,StaticInteriorEntry,0,1,0
JMP_PC_INDEX_WORD,036DB8,036DB8,036DBC,0,036DDA,none,ROM,0,1,1,StaticInteriorEntry,0,1,0
JMP_PC_INDEX_WORD,036DB8,036DB8,036DBC,1,036E42,none,ROM,0,1,1,StaticInteriorEntry,0,1,0
JMP_PC_INDEX_WORD,036DB8,036DB8,036DBC,2,036E6C,none,ROM,0,1,1,StaticInteriorEntry,0,1,0
JMP_PC_INDEX_WORD,036DB8,036DB8,036DBC,3,036E80,none,ROM,0,1,1,StaticInteriorEntry,0,1,0
JMP_PC_INDEX_WORD,036DB8,036DB8,036DBC,4,036E6C,none,ROM,0,1,1,StaticInteriorEntry,0,1,0
JMP_PC_INDEX_WORD,036DB8,036DB8,036DBC,5,036ED0,none,ROM,0,1,1,StaticInteriorEntry,0,1,0
JMP_PC_INDEX_WORD,036DB8,036DB8,036DBC,6,036F0A,none,ROM,0,1,1,StaticInteriorEntry,0,1,0
JMP_PC_INDEX_WORD,036DB8,036DB8,036DBC,7,036F20,none,ROM,0,1,1,StaticInteriorEntry,0,1,0
JMP_PC_INDEX_WORD,036DB8,036DB8,036DBC,8,036F86,none,ROM,0,1,1,StaticInteriorEntry,0,1,0
JMP_PC_INDEX_WORD,036DB8,036DB8,036DBC,9,036E6C,none,ROM,0,1,1,StaticInteriorEntry,0,1,0
JMP_PC_INDEX_WORD,036DB8,036DB8,036DBC,10,037002,none,ROM,0,1,1,StaticInteriorEntry,0,1,0
JMP_PC_INDEX_WORD,036DB8,036DB8,036DBC,11,037024,none,ROM,0,1,1,StaticInteriorEntry,0,1,0
JMP_PC_INDEX_WORD,036DB8,036DB8,036DBC,12,0370DA,none,ROM,0,1,1,StaticInteriorEntry,0,1,0
JMP_PC_INDEX_WORD,036DB8,036DB8,036DBC,13,036D50,none,ROM,0,1,1,StaticInteriorEntry,0,1,0
JMP_PC_INDEX_WORD,036DB8,036DB8,036DBC,14,036D8C,none,ROM,0,1,1,StaticInteriorEntry,0,1,0
LONG_PTR_TABLE,00139E,00139E,0013A4,0,0013EA,none,ROM,1,1,1,ObservedInteriorEntry,0,1,0
LONG_PTR_TABLE,00139E,00139E,0013A4,1,00147E,none,ROM,1,1,1,ObservedInteriorEntry,0,1,0
LONG_PTR_TABLE,00139E,00139E,0013A4,2,0014CE,none,ROM,1,1,1,ObservedInteriorEntry,0,1,0
LONG_PTR_TABLE,00139E,00139E,0013A4,3,0014FA,none,ROM,1,1,1,ObservedInteriorEntry,0,1,0
LONG_PTR_TABLE,00139E,00139E,0013A4,4,001550,none,ROM,1,1,1,ObservedInteriorEntry,0,1,0
LONG_PTR_TABLE,00139E,00139E,0013A4,5,0015C8,none,ROM,1,1,1,ObservedInteriorEntry,0,1,0
LONG_PTR_TABLE,00139E,00139E,0013A4,6,001622,none,ROM,1,1,1,ObservedInteriorEntry,0,1,0
LONG_PTR_TABLE,00139E,00139E,0013A4,7,00165A,none,ROM,1,1,1,ObservedInteriorEntry,0,1,0
LONG_PTR_TABLE,0013CE,0013CE,0013D4,0,0013E0,none,ROM,0,1,1,StaticInteriorEntry,0,1,0
LONG_PTR_TABLE,0013CE,0013CE,0013D4,1,001642,none,ROM,1,1,1,ObservedInteriorEntry,0,1,0
LONG_PTR_TABLE,0013CE,0013CE,0013D4,2,001666,none,ROM,1,1,1,ObservedInteriorEntry,0,1,0
LONG_PTR_TABLE,00195C,00195C,001976,1,00198A,none,ROM,1,1,1,ObservedInteriorEntry,0,1,0
LONG_PTR_TABLE,00195C,00195C,001976,2,001A2E,none,ROM,1,1,1,ObservedInteriorEntry,0,1,0
LONG_PTR_TABLE,00195C,00195C,001976,3,001A38,none,ROM,0,1,1,StaticInteriorEntry,0,1,0
LONG_PTR_TABLE,00195C,00195C,001976,4,001A42,none,ROM,0,1,1,StaticInteriorEntry,0,1,0
LONG_PTR_TABLE,0023C8,0023B6,0023D8,0,0023D6,none,ROM,1,1,1,ObservedInteriorEntry,0,1,0
LONG_PTR_TABLE,0023C8,0023B6,0023D8,1,0023D6,none,ROM,1,1,1,ObservedInteriorEntry,0,1,0
LONG_PTR_TABLE,0023C8,0023B6,0023D8,2,0023CA,none,ROM,0,1,1,StaticInteriorEntry,0,1,0
LONG_PTR_TABLE,0023C8,0023B6,0023D8,3,013AE8,none,ROM,0,1,1,StaticInteriorEntry,0,1,0
LONG_PTR_TABLE,0023C8,0023B6,0023D8,4,014038,none,ROM,0,1,1,StaticInteriorEntry,0,1,0
LONG_PTR_TABLE,0023C8,0023B6,0023D8,5,01497C,none,ROM,0,1,1,StaticInteriorEntry,0,1,0
LONG_PTR_TABLE,0023C8,0023B6,0023D8,6,0133D2,none,ROM,0,1,1,StaticInteriorEntry,0,1,0
LONG_PTR_TABLE,0023C8,0023B6,0023D8,7,012C3A,none,ROM,0,1,1,StaticInteriorEntry,0,1,0
LONG_PTR_TABLE,0023C8,0023B6,0023D8,8,012D36,none,ROM,1,1,1,ObservedInteriorEntry,0,1,0
LONG_PTR_TABLE,0023C8,0023B6,0023D8,9,0132D0,none,ROM,1,1,1,ObservedInteriorEntry,0,1,0
LONG_PTR_TABLE,0023C8,0023B6,0023D8,10,012DCE,none,ROM,1,1,1,ObservedInteriorEntry,0,1,0
LONG_PTR_TABLE,0023C8,0023B6,0023D8,11,012D96,none,ROM,1,1,1,ObservedInteriorEntry,0,1,0
LONG_PTR_TABLE,0023C8,0023B6,0023D8,12,013360,none,ROM,0,1,1,StaticInteriorEntry,0,1,0
LONG_PTR_TABLE,0023C8,0023B6,0023D8,13,013392,none,ROM,0,1,1,StaticInteriorEntry,0,1,0
LONG_PTR_TABLE,0023C8,0023B6,0023D8,14,0133A6,none,ROM,0,1,1,StaticInteriorEntry,0,1,0
LONG_PTR_TABLE,0023C8,0023B6,0023D8,15,013B66,none,ROM,0,1,1,StaticInteriorEntry,0,1,0
LONG_PTR_TABLE,0023C8,0023B6,0023D8,16,0023D6,none,ROM,1,1,1,ObservedInteriorEntry,0,1,0
LONG_PTR_TABLE,0023C8,0023B6,0023D8,17,02F94C,none,ROM,0,1,1,StaticInteriorEntry,0,1,0
LONG_PTR_TABLE,0023C8,0023B6,0023D8,18,02F89E,none,ROM,0,1,1,StaticInteriorEntry,0,1,0
LONG_PTR_TABLE,0023C8,0023B6,0023D8,19,0363EA,none,ROM,0,1,1,StaticInteriorEntry,0,1,0
LONG_PTR_TABLE,0023C8,0023B6,0023D8,20,02FAD0,none,ROM,1,1,1,ObservedInteriorEntry,0,1,0
LONG_PTR_TABLE,0023C8,0023B6,0023D8,21,03683E,none,ROM,1,1,1,ObservedInteriorEntry,0,1,0
LONG_PTR_TABLE,0023C8,0023B6,0023D8,22,0309D6,none,ROM,0,1,1,StaticInteriorEntry,0,1,0
LONG_PTR_TABLE,0023C8,0023B6,0023D8,23,0364E6,none,ROM,1,1,1,ObservedInteriorEntry,0,1,0
LONG_PTR_TABLE,0023C8,0023B6,0023D8,24,0365B2,none,ROM,1,1,1,ObservedInteriorEntry,0,1,0
LONG_PTR_TABLE,0023C8,0023B6,0023D8,25,031728,none,ROM,0,1,1,StaticInteriorEntry,0,1,0
LONG_PTR_TABLE,0023C8,0023B6,0023D8,26,03F4BE,none,ROM,0,1,1,StaticInteriorEntry,0,1,0
LONG_PTR_TABLE,0023C8,0023B6,0023D8,27,031640,none,ROM,0,1,1,StaticInteriorEntry,0,1,0
LONG_PTR_TABLE,0023C8,0023B6,0023D8,28,031C76,none,ROM,0,1,1,StaticInteriorEntry,0,1,0
LONG_PTR_TABLE,0023C8,0023B6,0023D8,29,032376,none,ROM,0,1,1,StaticInteriorEntry,0,1,0
LONG_PTR_TABLE,0023C8,0023B6,0023D8,30,03666E,none,ROM,0,1,1,StaticInteriorEntry,0,1,0
LONG_PTR_TABLE,0023C8,0023B6,0023D8,31,036702,none,ROM,0,1,1,StaticInteriorEntry,0,1,0
LONG_PTR_TABLE,0023C8,0023B6,0023D8,32,022A0A,none,ROM,0,1,1,StaticInteriorEntry,0,1,0
LONG_PTR_TABLE,0023C8,0023B6,0023D8,33,022E5E,none,ROM,0,1,1,StaticInteriorEntry,0,1,0
LONG_PTR_TABLE,0023C8,0023B6,0023D8,34,022E5E,none,ROM,0,1,1,StaticInteriorEntry,0,1,0
LONG_PTR_TABLE,0023C8,0023B6,0023D8,35,023998,none,ROM,0,1,1,StaticInteriorEntry,0,1,0
LONG_PTR_TABLE,0023C8,0023B6,0023D8,36,023998,none,ROM,0,1,1,StaticInteriorEntry,0,1,0
LONG_PTR_TABLE,0023C8,0023B6,0023D8,37,023998,none,ROM,0,1,1,StaticInteriorEntry,0,1,0
LONG_PTR_TABLE,0023C8,0023B6,0023D8,38,023998,none,ROM,0,1,1,StaticInteriorEntry,0,1,0
LONG_PTR_TABLE,0023C8,0023B6,0023D8,39,023998,none,ROM,0,1,1,StaticInteriorEntry,0,1,0
LONG_PTR_TABLE,0023C8,0023B6,0023D8,40,023998,none,ROM,0,1,1,StaticInteriorEntry,0,1,0
LONG_PTR_TABLE,0023C8,0023B6,0023D8,41,023998,none,ROM,0,1,1,StaticInteriorEntry,0,1,0
LONG_PTR_TABLE,0023C8,0023B6,0023D8,42,023998,none,ROM,0,1,1,StaticInteriorEntry,0,1,0
LONG_PTR_TABLE,0023C8,0023B6,0023D8,43,023998,none,ROM,0,1,1,StaticInteriorEntry,0,1,0
LONG_PTR_TABLE,0023C8,0023B6,0023D8,44,022FEA,none,ROM,0,1,1,StaticInteriorEntry,0,1,0
LONG_PTR_TABLE,0023C8,0023B6,0023D8,45,023098,none,ROM,0,1,1,StaticInteriorEntry,0,1,0
LONG_PTR_TABLE,0023C8,0023B6,0023D8,46,022E5E,none,ROM,0,1,1,StaticInteriorEntry,0,1,0
LONG_PTR_TABLE,0023C8,0023B6,0023D8,47,02314C,none,ROM,0,1,1,StaticInteriorEntry,0,1,0
LONG_PTR_TABLE,0023C8,0023B6,0023D8,48,013EC2,none,ROM,0,1,1,StaticInteriorEntry,0,1,0
LONG_PTR_TABLE,0023C8,0023B6,0023D8,49,013E4E,none,ROM,0,1,1,StaticInteriorEntry,0,1,0
LONG_PTR_TABLE,0023C8,0023B6,0023D8,50,013FB2,none,ROM,0,1,1,StaticInteriorEntry,0,1,0
LONG_PTR_TABLE,0023C8,0023B6,0023D8,51,012E46,none,ROM,0,1,1,StaticInteriorEntry,0,1,0
LONG_PTR_TABLE,0023C8,0023B6,0023D8,52,013BA0,none,ROM,0,1,1,StaticInteriorEntry,0,1,0
LONG_PTR_TABLE,0023C8,0023B6,0023D8,53,013C7E,none,ROM,0,1,1,StaticInteriorEntry,0,1,0
LONG_PTR_TABLE,0023C8,0023B6,0023D8,54,013D44,none,ROM,0,1,1,StaticInteriorEntry,0,1,0
LONG_PTR_TABLE,0023C8,0023B6,0023D8,55,013DDC,none,ROM,0,1,1,StaticInteriorEntry,0,1,0
LONG_PTR_TABLE,0023C8,0023B6,0023D8,56,014B58,none,ROM,0,1,1,StaticInteriorEntry,0,1,0
LONG_PTR_TABLE,0023C8,0023B6,0023D8,57,014CC6,none,ROM,0,1,1,StaticInteriorEntry,0,1,0
LONG_PTR_TABLE,0023C8,0023B6,0023D8,58,0134E6,none,ROM,0,1,1,StaticInteriorEntry,0,1,0
LONG_PTR_TABLE,0023C8,0023B6,0023D8,59,012C92,none,ROM,0,1,1,StaticInteriorEntry,0,1,0
LONG_PTR_TABLE,0023C8,0023B6,0023D8,60,0136C0,none,ROM,1,1,1,ObservedInteriorEntry,0,1,0
LONG_PTR_TABLE,0023C8,0023B6,0023D8,61,0136CE,none,ROM,1,1,1,ObservedInteriorEntry,0,1,0
LONG_PTR_TABLE,0023C8,0023B6,0023D8,62,015C38,none,ROM,1,1,1,ObservedInteriorEntry,0,1,0
LONG_PTR_TABLE,0023C8,0023B6,0023D8,63,015D2C,none,ROM,1,1,1,ObservedInteriorEntry,0,1,0
LONG_PTR_TABLE,0023C8,0023B6,0023D8,64,02315A,none,ROM,0,0,0,DeferredCandidate,0,0,1
LONG_PTR_TABLE,0023C8,0023B6,0023D8,65,023BD2,none,ROM,0,0,0,DeferredCandidate,0,0,1
LONG_PTR_TABLE,0023C8,0023B6,0023D8,66,0248F6,none,ROM,0,0,0,DeferredCandidate,0,0,1
LONG_PTR_TABLE,0023C8,0023B6,0023D8,67,0245A6,none,ROM,0,0,0,DeferredCandidate,0,0,1
LONG_PTR_TABLE,0023C8,0023B6,0023D8,68,0245A6,none,ROM,0,0,0,DeferredCandidate,0,0,1
LONG_PTR_TABLE,0023C8,0023B6,0023D8,69,02489E,none,ROM,0,0,0,DeferredCandidate,0,0,1
LONG_PTR_TABLE,0023C8,0023B6,0023D8,70,024714,none,ROM,0,0,0,DeferredCandidate,0,0,1
LONG_PTR_TABLE,0023C8,0023B6,0023D8,71,024A20,none,ROM,0,0,0,DeferredCandidate,0,0,1
LONG_PTR_TABLE,0023C8,0023B6,0023D8,72,024A94,none,ROM,0,0,0,DeferredCandidate,0,0,1
LONG_PTR_TABLE,0023C8,0023B6,0023D8,73,024AA2,none,ROM,0,0,0,DeferredCandidate,0,0,1
LONG_PTR_TABLE,0023C8,0023B6,0023D8,74,025420,none,ROM,0,0,0,DeferredCandidate,0,0,1
LONG_PTR_TABLE,0023C8,0023B6,0023D8,75,02520E,none,ROM,0,0,0,DeferredCandidate,0,0,1
LONG_PTR_TABLE,0023C8,0023B6,0023D8,76,025DB4,none,ROM,0,0,0,DeferredCandidate,0,0,1
LONG_PTR_TABLE,0023C8,0023B6,0023D8,77,025992,none,ROM,0,0,0,DeferredCandidate,0,0,1
LONG_PTR_TABLE,0023C8,0023B6,0023D8,78,0259AA,none,ROM,0,0,0,DeferredCandidate,0,0,1
LONG_PTR_TABLE,0023C8,0023B6,0023D8,79,025CAE,none,ROM,0,0,0,DeferredCandidate,0,0,1
LONG_PTR_TABLE,0023C8,0023B6,0023D8,80,03073A,none,ROM,0,0,0,DeferredCandidate,0,0,1
LONG_PTR_TABLE,0023C8,0023B6,0023D8,81,0307C8,none,ROM,0,0,0,DeferredCandidate,0,0,1
LONG_PTR_TABLE,0023C8,0023B6,0023D8,82,02FFAC,none,ROM,1,0,0,ObservedFunctionEntry,1,0,0
LONG_PTR_TABLE,0023C8,0023B6,0023D8,83,02FE20,none,ROM,1,0,0,ObservedFunctionEntry,1,0,0
LONG_PTR_TABLE,0023C8,0023B6,0023D8,84,0300F2,none,ROM,1,0,0,ObservedFunctionEntry,1,0,0
LONG_PTR_TABLE,0023C8,0023B6,0023D8,85,03683E,none,ROM,1,1,1,ObservedInteriorEntry,0,1,0
LONG_PTR_TABLE,0023C8,0023B6,0023D8,86,03E934,none,ROM,0,0,0,DeferredCandidate,0,0,1
LONG_PTR_TABLE,0023C8,0023B6,0023D8,87,03F4BE,none,ROM,0,1,1,StaticInteriorEntry,0,1,0
LONG_PTR_TABLE,0023C8,0023B6,0023D8,88,036924,none,ROM,0,0,0,DeferredCandidate,0,0,1
LONG_PTR_TABLE,0023C8,0023B6,0023D8,89,031A7C,none,ROM,1,0,0,ObservedFunctionEntry,1,0,0
LONG_PTR_TABLE,0023C8,0023B6,0023D8,90,03247C,none,ROM,0,0,0,DeferredCandidate,0,0,1
LONG_PTR_TABLE,0023C8,0023B6,0023D8,91,0338A0,none,ROM,0,0,0,DeferredCandidate,0,0,1
LONG_PTR_TABLE,0023C8,0023B6,0023D8,92,03067C,none,ROM,1,0,0,ObservedFunctionEntry,1,0,0
LONG_PTR_TABLE,0023C8,0023B6,0023D8,93,035192,none,ROM,0,0,0,DeferredCandidate,0,0,1
LONG_PTR_TABLE,0023C8,0023B6,0023D8,94,03590E,none,ROM,0,0,0,DeferredCandidate,0,0,1
LONG_PTR_TABLE,0023C8,0023B6,0023D8,95,035E36,none,ROM,0,0,0,DeferredCandidate,0,0,1
LONG_PTR_TABLE,0023C8,0023B6,0023D8,96,015E5C,none,ROM,1,0,0,ObservedFunctionEntry,1,0,0
LONG_PTR_TABLE,0023C8,0023B6,0023D8,97,015EEC,none,ROM,0,1,1,StaticInteriorEntry,0,1,0
LONG_PTR_TABLE,0023C8,0023B6,0023D8,98,014C58,none,ROM,0,0,0,DeferredCandidate,0,0,1
LONG_PTR_TABLE,0023C8,0023B6,0023D8,99,01615C,none,ROM,0,0,0,DeferredCandidate,0,0,1
LONG_PTR_TABLE,0023C8,0023B6,0023D8,100,012EC2,none,ROM,0,0,0,DeferredCandidate,0,0,1
LONG_PTR_TABLE,0023C8,0023B6,0023D8,101,012F8A,none,ROM,1,0,0,ObservedFunctionEntry,1,0,0
LONG_PTR_TABLE,0023C8,0023B6,0023D8,102,013064,none,ROM,0,0,0,DeferredCandidate,0,0,1
LONG_PTR_TABLE,0023C8,0023B6,0023D8,103,013038,none,ROM,0,0,0,DeferredCandidate,0,0,1
LONG_PTR_TABLE,0023C8,0023B6,0023D8,104,013128,none,ROM,0,0,0,DeferredCandidate,0,0,1
LONG_PTR_TABLE,0023C8,0023B6,0023D8,105,015CA0,none,ROM,0,0,0,DeferredCandidate,0,0,1
LONG_PTR_TABLE,0023C8,0023B6,0023D8,106,015CE2,none,ROM,0,0,0,DeferredCandidate,0,0,1
LONG_PTR_TABLE,0023C8,0023B6,0023D8,107,015D70,none,ROM,0,0,0,DeferredCandidate,0,0,1
LONG_PTR_TABLE,0023C8,0023B6,0023D8,108,013CA8,none,ROM,0,0,0,DeferredCandidate,0,0,1
LONG_PTR_TABLE,0023C8,0023B6,0023D8,109,014D3A,none,ROM,0,0,0,DeferredCandidate,0,0,1
LONG_PTR_TABLE,0023C8,0023B6,0023D8,110,014DA8,none,ROM,0,0,0,DeferredCandidate,0,0,1
LONG_PTR_TABLE,0023C8,0023B6,0023D8,111,014E4E,none,ROM,0,0,0,DeferredCandidate,0,0,1
LONG_PTR_TABLE,0023C8,0023B6,0023D8,112,023B9E,none,ROM,0,0,0,DeferredCandidate,0,0,1
LONG_PTR_TABLE,0023C8,0023B6,0023D8,113,023BB8,none,ROM,0,0,0,DeferredCandidate,0,0,1
LONG_PTR_TABLE,0023C8,0023B6,0023D8,114,027194,none,ROM,0,0,0,DeferredCandidate,0,0,1
LONG_PTR_TABLE,0023C8,0023B6,0023D8,115,027170,none,ROM,0,0,0,DeferredCandidate,0,0,1
LONG_PTR_TABLE,0023C8,0023B6,0023D8,116,027186,none,ROM,0,0,0,DeferredCandidate,0,0,1
LONG_PTR_TABLE,0023C8,0023B6,0023D8,117,0274A4,none,ROM,0,0,0,DeferredCandidate,0,0,1
LONG_PTR_TABLE,0023C8,0023B6,0023D8,118,0274B8,none,ROM,0,0,0,DeferredCandidate,0,0,1
LONG_PTR_TABLE,0023C8,0023B6,0023D8,119,0274CC,none,ROM,0,0,0,DeferredCandidate,0,0,1
LONG_PTR_TABLE,0023C8,0023B6,0023D8,120,0274E0,none,ROM,0,0,0,DeferredCandidate,0,0,1
LONG_PTR_TABLE,0023C8,0023B6,0023D8,121,0276BE,none,ROM,0,0,0,DeferredCandidate,0,0,1
LONG_PTR_TABLE,0023C8,0023B6,0023D8,122,027726,none,ROM,0,0,0,DeferredCandidate,0,0,1
LONG_PTR_TABLE,0023C8,0023B6,0023D8,123,02776E,none,ROM,0,0,0,DeferredCandidate,0,0,1
LONG_PTR_TABLE,0023C8,0023B6,0023D8,124,02770E,none,ROM,0,1,1,StaticInteriorEntry,0,1,0
LONG_PTR_TABLE,0023C8,0023B6,0023D8,125,0278F8,none,ROM,0,0,0,DeferredCandidate,0,0,1
LONG_PTR_TABLE,0023C8,0023B6,0023D8,126,027B56,none,ROM,0,0,0,DeferredCandidate,0,0,1
LONG_PTR_TABLE,0023C8,0023B6,0023D8,127,0287B8,none,ROM,0,0,0,DeferredCandidate,0,0,1
LONG_PTR_TABLE,0023C8,0023B6,0023D8,128,035F3C,none,ROM,0,0,0,DeferredCandidate,0,0,1
LONG_PTR_TABLE,0023C8,0023B6,0023D8,129,035F72,none,ROM,0,0,0,DeferredCandidate,0,0,1
LONG_PTR_TABLE,0023C8,0023B6,0023D8,130,035E2C,none,ROM,0,0,0,DeferredCandidate,0,0,1
LONG_PTR_TABLE,0023C8,0023B6,0023D8,131,035FFE,none,ROM,0,0,0,DeferredCandidate,0,0,1
LONG_PTR_TABLE,0023C8,0023B6,0023D8,132,036096,none,ROM,0,0,0,DeferredCandidate,0,0,1
LONG_PTR_TABLE,0023C8,0023B6,0023D8,133,0345AE,none,ROM,0,0,0,DeferredCandidate,0,0,1
LONG_PTR_TABLE,0023C8,0023B6,0023D8,134,0349C6,none,ROM,0,0,0,DeferredCandidate,0,0,1
LONG_PTR_TABLE,0023C8,0023B6,0023D8,135,034C3E,none,ROM,0,0,0,DeferredCandidate,0,0,1
LONG_PTR_TABLE,0023C8,0023B6,0023D8,136,035B68,none,ROM,0,0,0,DeferredCandidate,0,0,1
LONG_PTR_TABLE,0023C8,0023B6,0023D8,137,0154A4,none,ROM,0,0,0,DeferredCandidate,0,0,1
LONG_PTR_TABLE,0023C8,0023B6,0023D8,138,0154A4,none,ROM,0,0,0,DeferredCandidate,0,0,1
LONG_PTR_TABLE,0023C8,0023B6,0023D8,139,0154A4,none,ROM,0,0,0,DeferredCandidate,0,0,1
LONG_PTR_TABLE,0023C8,0023B6,0023D8,140,0154A4,none,ROM,0,0,0,DeferredCandidate,0,0,1
LONG_PTR_TABLE,0023C8,0023B6,0023D8,141,0154A4,none,ROM,0,0,0,DeferredCandidate,0,0,1
LONG_PTR_TABLE,0023C8,0023B6,0023D8,142,035096,none,ROM,0,0,0,DeferredCandidate,0,0,1
LONG_PTR_TABLE,0023C8,0023B6,0023D8,143,034F4A,none,ROM,0,0,0,DeferredCandidate,0,0,1
LONG_PTR_TABLE,0023C8,0023B6,0023D8,144,0150F2,none,ROM,0,0,0,DeferredCandidate,0,0,1
LONG_PTR_TABLE,0023C8,0023B6,0023D8,145,014FBC,none,ROM,0,0,0,DeferredCandidate,0,0,1
LONG_PTR_TABLE,0023C8,0023B6,0023D8,146,015056,none,ROM,0,0,0,DeferredCandidate,0,0,1
LONG_PTR_TABLE,0023C8,0023B6,0023D8,147,016256,none,ROM,0,0,0,DeferredCandidate,0,0,1
LONG_PTR_TABLE,0023C8,0023B6,0023D8,148,016A32,none,ROM,0,0,0,DeferredCandidate,0,0,1
LONG_PTR_TABLE,0023C8,0023B6,0023D8,149,0152F8,none,ROM,0,0,0,DeferredCandidate,0,0,1
LONG_PTR_TABLE,0023C8,0023B6,0023D8,150,016EAA,none,ROM,0,0,0,DeferredCandidate,0,0,1
LONG_PTR_TABLE,0023C8,0023B6,0023D8,151,016B64,none,ROM,0,0,0,DeferredCandidate,0,0,1
LONG_PTR_TABLE,0023C8,0023B6,0023D8,152,01713E,none,ROM,0,0,0,DeferredCandidate,0,0,1
LONG_PTR_TABLE,0023C8,0023B6,0023D8,153,015DEE,none,ROM,0,0,0,DeferredCandidate,0,0,1
LONG_PTR_TABLE,0023C8,0023B6,0023D8,154,016FEE,none,ROM,0,0,0,DeferredCandidate,0,0,1
LONG_PTR_TABLE,0023C8,0023B6,0023D8,155,016A98,none,ROM,0,0,0,DeferredCandidate,0,0,1
LONG_PTR_TABLE,0023C8,0023B6,0023D8,156,014E5C,none,ROM,0,0,0,DeferredCandidate,0,0,1
LONG_PTR_TABLE,0023C8,0023B6,0023D8,157,014F0E,none,ROM,0,0,0,DeferredCandidate,0,0,1
LONG_PTR_TABLE,0023C8,0023B6,0023D8,158,01647A,none,ROM,0,0,0,DeferredCandidate,0,0,1
LONG_PTR_TABLE,0023C8,0023B6,0023D8,159,0029F4,none,ROM,0,0,0,DeferredCandidate,0,0,1
LONG_PTR_TABLE,0023C8,0023B6,0023D8,160,027E28,none,ROM,0,0,0,DeferredCandidate,0,0,1
LONG_PTR_TABLE,0023C8,0023B6,0023D8,161,028600,none,ROM,0,0,0,DeferredCandidate,0,0,1
LONG_PTR_TABLE,0023C8,0023B6,0023D8,162,0299AC,none,ROM,0,0,0,DeferredCandidate,0,0,1
LONG_PTR_TABLE,0023C8,0023B6,0023D8,163,029ABE,none,ROM,0,0,0,DeferredCandidate,0,0,1
LONG_PTR_TABLE,0023C8,0023B6,0023D8,164,026128,none,ROM,0,0,0,DeferredCandidate,0,0,1
LONG_PTR_TABLE,0023C8,0023B6,0023D8,165,028854,none,ROM,0,0,0,DeferredCandidate,0,0,1
LONG_PTR_TABLE,0023C8,0023B6,0023D8,166,02885C,none,ROM,0,0,0,DeferredCandidate,0,0,1
LONG_PTR_TABLE,0023C8,0023B6,0023D8,167,02613C,none,ROM,0,0,0,DeferredCandidate,0,0,1
LONG_PTR_TABLE,0023C8,0023B6,0023D8,168,026150,none,ROM,0,0,0,DeferredCandidate,0,0,1
LONG_PTR_TABLE,0023C8,0023B6,0023D8,169,02610A,none,ROM,0,0,0,DeferredCandidate,0,0,1
LONG_PTR_TABLE,0023C8,0023B6,0023D8,170,02883A,none,ROM,0,0,0,DeferredCandidate,0,0,1
LONG_PTR_TABLE,0023C8,0023B6,0023D8,171,02884C,none,ROM,0,0,0,DeferredCandidate,0,0,1
LONG_PTR_TABLE,0023C8,0023B6,0023D8,172,028C0E,none,ROM,0,0,0,DeferredCandidate,0,0,1
LONG_PTR_TABLE,0023C8,0023B6,0023D8,173,028BB2,none,ROM,0,0,0,DeferredCandidate,0,0,1
LONG_PTR_TABLE,0023C8,0023B6,0023D8,174,029558,none,ROM,0,0,0,DeferredCandidate,0,0,1
LONG_PTR_TABLE,0023C8,0023B6,0023D8,175,0293FE,none,ROM,0,0,0,DeferredCandidate,0,0,1
LONG_PTR_TABLE,0023C8,0023B6,0023D8,176,03B266,none,ROM,0,0,0,DeferredCandidate,0,0,1
LONG_PTR_TABLE,0023C8,0023B6,0023D8,177,03B194,none,ROM,0,0,0,DeferredCandidate,0,0,1
LONG_PTR_TABLE,0023C8,0023B6,0023D8,178,03B02C,none,ROM,0,0,0,DeferredCandidate,0,0,1
LONG_PTR_TABLE,0023C8,0023B6,0023D8,179,03B3CE,none,ROM,0,0,0,DeferredCandidate,0,0,1
LONG_PTR_TABLE,0023C8,0023B6,0023D8,180,03B6D0,none,ROM,0,0,0,DeferredCandidate,0,0,1
LONG_PTR_TABLE,0023C8,0023B6,0023D8,181,03B560,none,ROM,0,0,0,DeferredCandidate,0,0,1
LONG_PTR_TABLE,0023C8,0023B6,0023D8,182,03B746,none,ROM,0,0,0,DeferredCandidate,0,0,1
LONG_PTR_TABLE,0023C8,0023B6,0023D8,183,0154A4,none,ROM,0,0,0,DeferredCandidate,0,0,1
LONG_PTR_TABLE,0023C8,0023B6,0023D8,184,03B7D0,none,ROM,0,0,0,DeferredCandidate,0,0,1
LONG_PTR_TABLE,0023C8,0023B6,0023D8,185,03B846,none,ROM,0,0,0,DeferredCandidate,0,0,1
LONG_PTR_TABLE,0023C8,0023B6,0023D8,186,03BBC2,none,ROM,0,0,0,DeferredCandidate,0,0,1
LONG_PTR_TABLE,0023C8,0023B6,0023D8,187,03C1B2,none,ROM,0,0,0,DeferredCandidate,0,0,1
LONG_PTR_TABLE,0023C8,0023B6,0023D8,188,03C33E,none,ROM,0,0,0,DeferredCandidate,0,0,1
LONG_PTR_TABLE,0023C8,0023B6,0023D8,189,03C442,none,ROM,0,0,0,DeferredCandidate,0,0,1
LONG_PTR_TABLE,0023C8,0023B6,0023D8,190,03C596,none,ROM,0,0,0,DeferredCandidate,0,0,1
LONG_PTR_TABLE,0023C8,0023B6,0023D8,191,03C442,none,ROM,0,0,0,DeferredCandidate,0,0,1
LONG_PTR_TABLE,0023C8,0023B6,0023D8,192,012A1E,none,ROM,0,0,0,DeferredCandidate,0,0,1
LONG_PTR_TABLE,0023C8,0023B6,0023D8,193,012A1E,none,ROM,0,0,0,DeferredCandidate,0,0,1
LONG_PTR_TABLE,0023C8,0023B6,0023D8,194,012A1E,none,ROM,0,0,0,DeferredCandidate,0,0,1
LONG_PTR_TABLE,0023C8,0023B6,0023D8,195,012A1E,none,ROM,0,0,0,DeferredCandidate,0,0,1
LONG_PTR_TABLE,0023C8,0023B6,0023D8,196,012A1E,none,ROM,0,0,0,DeferredCandidate,0,0,1
LONG_PTR_TABLE,0023C8,0023B6,0023D8,197,0171FE,none,ROM,0,0,0,DeferredCandidate,0,0,1
LONG_PTR_TABLE,0023C8,0023B6,0023D8,198,017590,none,ROM,0,0,0,DeferredCandidate,0,0,1
LONG_PTR_TABLE,0023C8,0023B6,0023D8,199,017896,none,ROM,0,0,0,DeferredCandidate,0,0,1
LONG_PTR_TABLE,0023C8,0023B6,0023D8,200,01797A,none,ROM,0,0,0,DeferredCandidate,0,0,1
LONG_PTR_TABLE,0023C8,0023B6,0023D8,201,017C36,none,ROM,0,0,0,DeferredCandidate,0,0,1
LONG_PTR_TABLE,0023C8,0023B6,0023D8,202,017D26,none,ROM,0,0,0,DeferredCandidate,0,0,1
LONG_PTR_TABLE,0023C8,0023B6,0023D8,203,017756,none,ROM,0,0,0,DeferredCandidate,0,0,1
LONG_PTR_TABLE,0023C8,0023B6,0023D8,204,017E4E,none,ROM,0,0,0,DeferredCandidate,0,0,1
LONG_PTR_TABLE,0023C8,0023B6,0023D8,205,0189C2,none,ROM,0,0,0,DeferredCandidate,0,0,1
LONG_PTR_TABLE,0023C8,0023B6,0023D8,206,018DCC,none,ROM,0,0,0,DeferredCandidate,0,0,1
LONG_PTR_TABLE,0023C8,0023B6,0023D8,207,018C4C,none,ROM,0,0,0,DeferredCandidate,0,0,1
LONG_PTR_TABLE,0023C8,0023B6,0023D8,208,02886C,none,ROM,0,0,0,DeferredCandidate,0,0,1
LONG_PTR_TABLE,0023C8,0023B6,0023D8,209,029AE4,none,ROM,0,0,0,DeferredCandidate,0,0,1
LONG_PTR_TABLE,0023C8,0023B6,0023D8,210,029AC0,none,ROM,0,0,0,DeferredCandidate,0,0,1
LONG_PTR_TABLE,0023C8,0023B6,0023D8,211,029E56,none,ROM,0,0,0,DeferredCandidate,0,0,1
LONG_PTR_TABLE,0023C8,0023B6,0023D8,212,02A754,none,ROM,0,0,0,DeferredCandidate,0,0,1
LONG_PTR_TABLE,0023C8,0023B6,0023D8,213,02A752,none,ROM,0,0,0,DeferredCandidate,0,0,1
LONG_PTR_TABLE,0023C8,0023B6,0023D8,214,02BD1E,none,ROM,0,0,0,DeferredCandidate,0,0,1
LONG_PTR_TABLE,0023C8,0023B6,0023D8,215,02C2BE,none,ROM,0,0,0,DeferredCandidate,0,0,1
LONG_PTR_TABLE,0023C8,0023B6,0023D8,216,02C2D0,none,ROM,0,0,0,DeferredCandidate,0,0,1
LONG_PTR_TABLE,0023C8,0023B6,0023D8,217,029EEE,none,ROM,0,0,0,DeferredCandidate,0,0,1
LONG_PTR_TABLE,0023C8,0023B6,0023D8,218,02C384,none,ROM,0,0,0,DeferredCandidate,0,0,1
LONG_PTR_TABLE,0023C8,0023B6,0023D8,219,02D374,none,ROM,0,0,0,DeferredCandidate,0,0,1
LONG_PTR_TABLE,0023C8,0023B6,0023D8,220,02D3E0,none,ROM,0,0,0,DeferredCandidate,0,0,1
LONG_PTR_TABLE,0023C8,0023B6,0023D8,221,02D808,none,ROM,0,0,0,DeferredCandidate,0,0,1
LONG_PTR_TABLE,0023C8,0023B6,0023D8,222,02DAC8,none,ROM,0,0,0,DeferredCandidate,0,0,1
LONG_PTR_TABLE,0023C8,0023B6,0023D8,223,02DBF2,none,ROM,0,0,0,DeferredCandidate,0,0,1
LONG_PTR_TABLE,0023C8,0023B6,0023D8,224,03C6B8,none,ROM,0,0,0,DeferredCandidate,0,0,1
LONG_PTR_TABLE,0023C8,0023B6,0023D8,225,03C754,none,ROM,0,0,0,DeferredCandidate,0,0,1
LONG_PTR_TABLE,0023C8,0023B6,0023D8,226,03C7E6,none,ROM,0,0,0,DeferredCandidate,0,0,1
LONG_PTR_TABLE,0023C8,0023B6,0023D8,227,03C984,none,ROM,0,0,0,DeferredCandidate,0,0,1
LONG_PTR_TABLE,0023C8,0023B6,0023D8,228,03CB4A,none,ROM,0,0,0,DeferredCandidate,0,0,1
LONG_PTR_TABLE,0023C8,0023B6,0023D8,229,03CAEA,none,ROM,0,0,0,DeferredCandidate,0,0,1
LONG_PTR_TABLE,0023C8,0023B6,0023D8,230,03CC9C,none,ROM,0,0,0,DeferredCandidate,0,0,1
LONG_PTR_TABLE,0023C8,0023B6,0023D8,231,03816A,none,ROM,0,0,0,DeferredCandidate,0,0,1
LONG_PTR_TABLE,0023C8,0023B6,0023D8,232,0387E0,none,ROM,0,0,0,DeferredCandidate,0,0,1
LONG_PTR_TABLE,0023C8,0023B6,0023D8,233,0391F0,none,ROM,0,0,0,DeferredCandidate,0,0,1
LONG_PTR_TABLE,0023C8,0023B6,0023D8,234,039094,none,ROM,0,0,0,DeferredCandidate,0,0,1
LONG_PTR_TABLE,0023C8,0023B6,0023D8,235,03CE22,none,ROM,0,0,0,DeferredCandidate,0,0,1
LONG_PTR_TABLE,0023C8,0023B6,0023D8,236,03D050,none,ROM,0,0,0,DeferredCandidate,0,0,1
LONG_PTR_TABLE,0023C8,0023B6,0023D8,237,03D12A,none,ROM,0,0,0,DeferredCandidate,0,0,1
LONG_PTR_TABLE,0023C8,0023B6,0023D8,238,03D1B4,none,ROM,0,0,0,DeferredCandidate,0,0,1
LONG_PTR_TABLE,0023C8,0023B6,0023D8,239,03D2C2,none,ROM,0,0,0,DeferredCandidate,0,0,1
LONG_PTR_TABLE,0023C8,0023B6,0023D8,240,01505C,none,ROM,0,0,0,DeferredCandidate,0,0,1
LONG_PTR_TABLE,0023C8,0023B6,0023D8,241,018F38,none,ROM,0,0,0,DeferredCandidate,0,0,1
LONG_PTR_TABLE,0023C8,0023B6,0023D8,242,019068,none,ROM,0,0,0,DeferredCandidate,0,0,1
LONG_PTR_TABLE,0023C8,0023B6,0023D8,243,019270,none,ROM,0,0,0,DeferredCandidate,0,0,1
LONG_PTR_TABLE,0023C8,0023B6,0023D8,244,01923C,none,ROM,0,0,0,DeferredCandidate,0,0,1
LONG_PTR_TABLE,0023C8,0023B6,0023D8,245,019356,none,ROM,0,0,0,DeferredCandidate,0,0,1
LONG_PTR_TABLE,0023C8,0023B6,0023D8,246,019484,none,ROM,0,0,0,DeferredCandidate,0,0,1
LONG_PTR_TABLE,0023C8,0023B6,0023D8,247,0197CA,none,ROM,0,0,0,DeferredCandidate,0,0,1
LONG_PTR_TABLE,0023C8,0023B6,0023D8,248,01980C,none,ROM,0,0,0,DeferredCandidate,0,0,1
LONG_PTR_TABLE,0023C8,0023B6,0023D8,249,0198A0,none,ROM,0,0,0,DeferredCandidate,0,0,1
LONG_PTR_TABLE,0023C8,0023B6,0023D8,250,019DF6,none,ROM,0,0,0,DeferredCandidate,0,0,1
LONG_PTR_TABLE,0023C8,0023B6,0023D8,251,019E1E,none,ROM,0,0,0,DeferredCandidate,0,0,1
LONG_PTR_TABLE,0023C8,0023B6,0023D8,252,015A16,none,ROM,0,0,0,DeferredCandidate,0,0,1
LONG_PTR_TABLE,0023C8,0023B6,0023D8,253,015B58,none,ROM,0,0,0,DeferredCandidate,0,0,1
LONG_PTR_TABLE,0023C8,0023B6,0023D8,254,015C20,none,ROM,0,0,0,DeferredCandidate,0,0,1
LONG_PTR_TABLE,0023C8,0023B6,0023D8,255,019F20,none,ROM,0,0,0,DeferredCandidate,0,0,1
LONG_PTR_TABLE,0023C8,0023B6,0023D8,256,02D784,none,ROM,0,0,0,DeferredCandidate,0,0,1
LONG_PTR_TABLE,0023C8,0023B6,0023D8,257,02D798,none,ROM,0,0,0,DeferredCandidate,0,0,1
LONG_PTR_TABLE,0023C8,0023B6,0023D8,258,02D7AC,none,ROM,0,0,0,DeferredCandidate,0,0,1
LONG_PTR_TABLE,0023C8,0023B6,0023D8,259,02D7C0,none,ROM,0,0,0,DeferredCandidate,0,0,1
LONG_PTR_TABLE,0023C8,0023B6,0023D8,260,02D7EC,none,ROM,0,0,0,DeferredCandidate,0,0,1
LONG_PTR_TABLE,0023C8,0023B6,0023D8,261,02DCA2,none,ROM,0,0,0,DeferredCandidate,0,0,1
LONG_PTR_TABLE,0023C8,0023B6,0023D8,262,028864,none,ROM,0,0,0,DeferredCandidate,0,0,1
LONG_PTR_TABLE,0023C8,0023B6,0023D8,263,0277BA,none,ROM,0,0,0,DeferredCandidate,0,0,1
LONG_PTR_TABLE,0023C8,0023B6,0023D8,264,02E574,none,ROM,0,0,0,DeferredCandidate,0,0,1
LONG_PTR_TABLE,0023C8,0023B6,0023D8,265,02E59A,none,ROM,0,0,0,DeferredCandidate,0,0,1
LONG_PTR_TABLE,0023C8,0023B6,0023D8,266,02E8E8,none,ROM,0,0,0,DeferredCandidate,0,0,1
LONG_PTR_TABLE,0023C8,0023B6,0023D8,267,02ECE4,none,ROM,0,0,0,DeferredCandidate,0,0,1
LONG_PTR_TABLE,0023C8,0023B6,0023D8,268,02F0B4,none,ROM,0,0,0,DeferredCandidate,0,0,1
LONG_PTR_TABLE,0023C8,0023B6,0023D8,269,027D2C,none,ROM,0,0,0,DeferredCandidate,0,0,1
LONG_PTR_TABLE,0023C8,0023B6,0023D8,270,027E18,none,ROM,0,0,0,DeferredCandidate,0,0,1
LONG_PTR_TABLE,0023C8,0023B6,0023D8,271,0029F4,none,ROM,0,0,0,DeferredCandidate,0,0,1
LONG_PTR_TABLE,0023C8,0023B6,0023D8,272,03D4AE,none,ROM,0,0,0,DeferredCandidate,0,0,1
LONG_PTR_TABLE,0023C8,0023B6,0023D8,273,015806,none,ROM,0,0,0,DeferredCandidate,0,0,1
LONG_PTR_TABLE,0023C8,0023B6,0023D8,274,015806,none,ROM,0,0,0,DeferredCandidate,0,0,1
LONG_PTR_TABLE,0023C8,0023B6,0023D8,275,015806,none,ROM,0,0,0,DeferredCandidate,0,0,1
LONG_PTR_TABLE,0023C8,0023B6,0023D8,276,015806,none,ROM,0,0,0,DeferredCandidate,0,0,1
LONG_PTR_TABLE,0023C8,0023B6,0023D8,277,015806,none,ROM,0,0,0,DeferredCandidate,0,0,1
LONG_PTR_TABLE,0023C8,0023B6,0023D8,278,015806,none,ROM,0,0,0,DeferredCandidate,0,0,1
LONG_PTR_TABLE,0023C8,0023B6,0023D8,279,03C33E,none,ROM,0,0,0,DeferredCandidate,0,0,1
LONG_PTR_TABLE,0023C8,0023B6,0023D8,280,039386,none,ROM,0,0,0,DeferredCandidate,0,0,1
LONG_PTR_TABLE,0023C8,0023B6,0023D8,281,03A2C2,none,ROM,0,0,0,DeferredCandidate,0,0,1
LONG_PTR_TABLE,0023C8,0023B6,0023D8,282,03A31C,none,ROM,0,0,0,DeferredCandidate,0,0,1
LONG_PTR_TABLE,0023C8,0023B6,0023D8,283,03A5B4,none,ROM,0,0,0,DeferredCandidate,0,0,1
LONG_PTR_TABLE,0023C8,0023B6,0023D8,284,03A3EA,none,ROM,0,0,0,DeferredCandidate,0,0,1
LONG_PTR_TABLE,0023C8,0023B6,0023D8,285,03D5DC,none,ROM,0,0,0,DeferredCandidate,0,0,1
LONG_PTR_TABLE,0023C8,0023B6,0023D8,286,03DB2A,none,ROM,0,0,0,DeferredCandidate,0,0,1
LONG_PTR_TABLE,0023C8,0023B6,0023D8,287,03E7A6,none,ROM,0,0,0,DeferredCandidate,0,0,1
LONG_PTR_TABLE,0023C8,0023B6,0023D8,288,01A152,none,ROM,0,0,0,DeferredCandidate,0,0,1
LONG_PTR_TABLE,0023C8,0023B6,0023D8,289,01A058,none,ROM,0,0,0,DeferredCandidate,0,0,1
LONG_PTR_TABLE,0023C8,0023B6,0023D8,290,01A1CE,none,ROM,0,0,0,DeferredCandidate,0,0,1
LONG_PTR_TABLE,0023C8,0023B6,0023D8,291,01A262,none,ROM,0,0,0,DeferredCandidate,0,0,1
LONG_PTR_TABLE,0023C8,0023B6,0023D8,292,011324,none,ROM,0,0,0,DeferredCandidate,0,0,1
LONG_PTR_TABLE,0023C8,0023B6,0023D8,293,01D734,none,ROM,0,0,0,DeferredCandidate,0,0,1
LONG_PTR_TABLE,0023C8,0023B6,0023D8,294,0150B2,none,ROM,0,0,0,DeferredCandidate,0,0,1
LONG_PTR_TABLE,0023C8,0023B6,0023D8,295,0150C2,none,ROM,0,0,0,DeferredCandidate,0,0,1
LONG_PTR_TABLE,0023C8,0023B6,0023D8,296,012F6E,none,ROM,0,0,0,DeferredCandidate,0,0,1
LONG_PTR_TABLE,0023C8,0023B6,0023D8,297,012EA6,none,ROM,0,0,0,DeferredCandidate,0,0,1
LONG_PTR_TABLE,0023C8,0023B6,0023D8,298,01A300,none,ROM,0,0,0,DeferredCandidate,0,0,1
LONG_PTR_TABLE,0023C8,0023B6,0023D8,299,01A7EE,none,ROM,0,0,0,DeferredCandidate,0,0,1
LONG_PTR_TABLE,0023C8,0023B6,0023D8,300,01B508,none,ROM,0,0,0,DeferredCandidate,0,0,1
LONG_PTR_TABLE,0023C8,0023B6,0023D8,301,01B548,none,ROM,0,0,0,DeferredCandidate,0,0,1
LONG_PTR_TABLE,0023C8,0023B6,0023D8,302,01B578,none,ROM,0,0,0,DeferredCandidate,0,0,1
LONG_PTR_TABLE,0023C8,0023B6,0023D8,303,01B7E8,none,ROM,0,0,0,DeferredCandidate,0,0,1
LONG_PTR_TABLE,0023C8,0023B6,0023D8,304,01B810,none,ROM,0,0,0,DeferredCandidate,0,0,1
LONG_PTR_TABLE,0023C8,0023B6,0023D8,305,01B9EC,none,ROM,0,0,0,DeferredCandidate,0,0,1
LONG_PTR_TABLE,0023C8,0023B6,0023D8,306,01BAD4,none,ROM,0,0,0,DeferredCandidate,0,0,1
LONG_PTR_TABLE,0023C8,0023B6,0023D8,307,01BE12,none,ROM,0,0,0,DeferredCandidate,0,0,1
LONG_PTR_TABLE,0023C8,0023B6,0023D8,308,01B75C,none,ROM,0,0,0,DeferredCandidate,0,0,1
LONG_PTR_TABLE,0023C8,0023B6,0023D8,309,01B702,none,ROM,0,0,0,DeferredCandidate,0,0,1
LONG_PTR_TABLE,0023C8,0023B6,0023D8,310,01BC6E,none,ROM,0,0,0,DeferredCandidate,0,0,1
LONG_PTR_TABLE,0023C8,0023B6,0023D8,311,01BBFE,none,ROM,0,0,0,DeferredCandidate,0,0,1
LONG_PTR_TABLE,0023C8,0023B6,0023D8,312,01D868,none,ROM,0,0,0,DeferredCandidate,0,0,1
LONG_PTR_TABLE,0023C8,0023B6,0023D8,313,01BFE4,none,ROM,0,0,0,DeferredCandidate,0,0,1
LONG_PTR_TABLE,0023C8,0023B6,0023D8,314,01CA90,none,ROM,0,0,0,DeferredCandidate,0,0,1
LONG_PTR_TABLE,0023C8,0023B6,0023D8,315,01CF84,none,ROM,0,0,0,DeferredCandidate,0,0,1
LONG_PTR_TABLE,0023C8,0023B6,0023D8,316,01D06A,none,ROM,0,0,0,DeferredCandidate,0,0,1
LONG_PTR_TABLE,0023C8,0023B6,0023D8,317,01D150,none,ROM,0,0,0,DeferredCandidate,0,0,1
LONG_PTR_TABLE,0023C8,0023B6,0023D8,318,01CF4A,none,ROM,0,0,0,DeferredCandidate,0,0,1
LONG_PTR_TABLE,0023C8,0023B6,0023D8,319,01CF10,none,ROM,0,0,0,DeferredCandidate,0,0,1
LONG_PTR_TABLE,0023C8,0023B6,0023D8,320,01CEE6,none,ROM,0,0,0,DeferredCandidate,0,0,1
LONG_PTR_TABLE,0023C8,0023B6,0023D8,321,01D200,none,ROM,0,0,0,DeferredCandidate,0,0,1
LONG_PTR_TABLE,0023C8,0023B6,0023D8,322,01D3E4,none,ROM,0,0,0,DeferredCandidate,0,0,1
LONG_PTR_TABLE,0023C8,0023B6,0023D8,323,01CCA4,none,ROM,0,0,0,DeferredCandidate,0,0,1
LONG_PTR_TABLE,0023C8,0023B6,0023D8,324,01CE5A,none,ROM,0,0,0,DeferredCandidate,0,0,1
LONG_PTR_TABLE,0023C8,0023B6,0023D8,325,01BCE8,none,ROM,0,0,0,DeferredCandidate,0,0,1
LONG_PTR_TABLE,0023C8,0023B6,0023D8,326,01BDA6,none,ROM,0,0,0,DeferredCandidate,0,0,1
LONG_PTR_TABLE,0023C8,0023B6,0023D8,327,01A718,none,ROM,0,0,0,DeferredCandidate,0,0,1
LONG_PTR_TABLE,0023C8,0023B6,0023D8,328,01A6B2,none,ROM,0,0,0,DeferredCandidate,0,0,1
LONG_PTR_TABLE,0023C8,0023B6,0023D8,329,01DAAC,none,ROM,0,0,0,DeferredCandidate,0,0,1
LONG_PTR_TABLE,0023C8,0023B6,0023D8,330,01DADA,none,ROM,0,0,0,DeferredCandidate,0,0,1
LONG_PTR_TABLE,0023C8,0023B6,0023D8,331,01FA46,none,ROM,0,0,0,DeferredCandidate,0,0,1
LONG_PTR_TABLE,0023C8,0023B6,0023D8,332,01F82A,none,ROM,0,0,0,DeferredCandidate,0,0,1
LONG_PTR_TABLE,0023C8,0023B6,0023D8,333,0065F4,none,ROM,0,1,1,StaticInteriorEntry,0,1,0
LONG_PTR_TABLE,0023C8,0023B6,0023D8,334,03E18C,none,ROM,0,0,0,DeferredCandidate,0,0,1
LONG_PTR_TABLE,0023C8,0023B6,0023D8,335,03E29E,none,ROM,0,0,0,DeferredCandidate,0,0,1
LONG_PTR_TABLE,0023C8,0023B6,0023D8,336,03DEFE,none,ROM,0,0,0,DeferredCandidate,0,0,1
LONG_PTR_TABLE,0023C8,0023B6,0023D8,337,03E234,none,ROM,0,0,0,DeferredCandidate,0,0,1
LONG_PTR_TABLE,0023C8,0023B6,0023D8,338,03E18A,none,ROM,0,0,0,DeferredCandidate,0,0,1
LONG_PTR_TABLE,0023C8,0023B6,0023D8,339,03E352,none,ROM,0,0,0,DeferredCandidate,0,0,1
LONG_PTR_TABLE,0023C8,0023B6,0023D8,340,03E3AE,none,ROM,0,0,0,DeferredCandidate,0,0,1
LONG_PTR_TABLE,0023C8,0023B6,0023D8,341,03E4AC,none,ROM,0,0,0,DeferredCandidate,0,0,1
LONG_PTR_TABLE,0023C8,0023B6,0023D8,342,03D8D6,none,ROM,0,0,0,DeferredCandidate,0,0,1
LONG_PTR_TABLE,0023C8,0023B6,0023D8,343,03D8D6,none,ROM,0,0,0,DeferredCandidate,0,0,1
LONG_PTR_TABLE,0023C8,0023B6,0023D8,344,01F79C,none,ROM,0,0,0,DeferredCandidate,0,0,1
LONG_PTR_TABLE,0023C8,0023B6,0023D8,345,01F7FE,none,ROM,0,0,0,DeferredCandidate,0,0,1
LONG_PTR_TABLE,0023C8,0023B6,0023D8,346,03A58C,none,ROM,0,0,0,DeferredCandidate,0,0,1
LONG_PTR_TABLE,0023C8,0023B6,0023D8,347,01D8EA,none,ROM,0,0,0,DeferredCandidate,0,0,1
LONG_PTR_TABLE,0023C8,0023B6,0023D8,348,01F844,none,ROM,0,0,0,DeferredCandidate,0,0,1
LONG_PTR_TABLE,0023C8,0023B6,0023D8,349,01F900,none,ROM,0,0,0,DeferredCandidate,0,0,1
LONG_PTR_TABLE,0023C8,0023B6,0023D8,350,01F96C,none,ROM,0,0,0,DeferredCandidate,0,0,1
LONG_PTR_TABLE,0023C8,0023B6,0023D8,351,01FB2E,none,ROM,0,0,0,DeferredCandidate,0,0,1
LONG_PTR_TABLE,0023C8,0023B6,0023D8,352,01FCE0,none,ROM,0,0,0,DeferredCandidate,0,0,1
LONG_PTR_TABLE,0023C8,0023B6,0023D8,353,01FE48,none,ROM,0,0,0,DeferredCandidate,0,0,1
LONG_PTR_TABLE,0023C8,0023B6,0023D8,354,01FE4A,none,ROM,0,0,0,DeferredCandidate,0,0,1
LONG_PTR_TABLE,0023C8,0023B6,0023D8,355,020444,none,ROM,0,0,0,DeferredCandidate,0,0,1
LONG_PTR_TABLE,0023C8,0023B6,0023D8,356,020774,none,ROM,0,0,0,DeferredCandidate,0,0,1
LONG_PTR_TABLE,0023C8,0023B6,0023D8,357,015488,none,ROM,0,0,0,DeferredCandidate,0,0,1
LONG_PTR_TABLE,0023C8,0023B6,0023D8,358,015496,none,ROM,0,0,0,DeferredCandidate,0,0,1
LONG_PTR_TABLE,0023C8,0023B6,0023D8,359,036B8E,none,ROM,0,0,0,DeferredCandidate,0,0,1
LONG_PTR_TABLE,0023C8,0023B6,0023D8,360,0208D0,none,ROM,0,0,0,DeferredCandidate,0,0,1
LONG_PTR_TABLE,0023C8,0023B6,0023D8,361,020A56,none,ROM,0,0,0,DeferredCandidate,0,0,1
LONG_PTR_TABLE,0023C8,0023B6,0023D8,362,020E0E,none,ROM,0,0,0,DeferredCandidate,0,0,1
LONG_PTR_TABLE,0023C8,0023B6,0023D8,363,0370EE,none,ROM,0,1,1,StaticInteriorEntry,0,1,0
LONG_PTR_TABLE,0023C8,0023B6,0023D8,364,036DAE,none,ROM,0,1,1,StaticInteriorEntry,0,1,0
LONG_PTR_TABLE,0023C8,0023B6,0023D8,365,01D9F2,none,ROM,0,0,0,DeferredCandidate,0,0,1
LONG_PTR_TABLE,0023C8,0023B6,0023D8,366,01D8D0,none,ROM,0,0,0,DeferredCandidate,0,0,1
LONG_PTR_TABLE,0023C8,0023B6,0023D8,367,03712E,none,ROM,0,0,0,DeferredCandidate,0,0,1
LONG_PTR_TABLE,0023C8,0023B6,0023D8,368,0377E8,none,ROM,0,0,0,DeferredCandidate,0,0,1
LONG_PTR_TABLE,0023C8,0023B6,0023D8,369,020FEE,none,ROM,0,0,0,DeferredCandidate,0,0,1
LONG_PTR_TABLE,0023C8,0023B6,0023D8,370,02115E,none,ROM,0,0,0,DeferredCandidate,0,0,1
LONG_PTR_TABLE,0023C8,0023B6,0023D8,371,034C9A,none,ROM,0,0,0,DeferredCandidate,0,0,1
LONG_PTR_TABLE,0023C8,0023B6,0023D8,372,00673A,none,ROM,0,0,0,DeferredCandidate,0,0,1
LONG_PTR_TABLE,0023C8,0023B6,0023D8,373,02179C,none,ROM,0,0,0,DeferredCandidate,0,0,1
LONG_PTR_TABLE,0023C8,0023B6,0023D8,374,021A3C,none,ROM,0,0,0,DeferredCandidate,0,0,1
LONG_PTR_TABLE,0023C8,0023B6,0023D8,375,021AB0,none,ROM,0,0,0,DeferredCandidate,0,0,1
LONG_PTR_TABLE,0023C8,0023B6,0023D8,376,0221EC,none,ROM,0,0,0,DeferredCandidate,0,0,1
LONG_PTR_TABLE,0023C8,0023B6,0023D8,377,0222EC,none,ROM,0,0,0,DeferredCandidate,0,0,1
LONG_PTR_TABLE,0023C8,0023B6,0023D8,378,01DA56,none,ROM,0,0,0,DeferredCandidate,0,0,1
LONG_PTR_TABLE,0023C8,0023B6,0023D8,379,037912,none,ROM,0,0,0,DeferredCandidate,0,0,1
LONG_PTR_TABLE,0023C8,0023B6,0023D8,380,013118,none,ROM,0,0,0,DeferredCandidate,0,0,1
LONG_PTR_TABLE,0023C8,0023B6,0023D8,381,037C8A,none,ROM,0,0,0,DeferredCandidate,0,0,1
LONG_PTR_TABLE,0023C8,0023B6,0023D8,382,037CF6,none,ROM,0,0,0,DeferredCandidate,0,0,1
LONG_PTR_TABLE,0023C8,0023B6,0023D8,383,037D50,none,ROM,0,0,0,DeferredCandidate,0,0,1
LONG_PTR_TABLE,0023C8,0023B6,0023D8,384,020146,none,ROM,0,0,0,DeferredCandidate,0,0,1
LONG_PTR_TABLE,0023C8,0023B6,0023D8,385,0317B6,none,ROM,0,0,0,DeferredCandidate,0,0,1
LONG_PTR_TABLE,0023C8,0023B6,0023D8,386,03187C,none,ROM,0,0,0,DeferredCandidate,0,0,1
LONG_PTR_TABLE,0023C8,0023B6,0023D8,387,0201BE,none,ROM,0,0,0,DeferredCandidate,0,0,1
LONG_PTR_TABLE,0023C8,0023B6,0023D8,388,02239E,none,ROM,0,0,0,DeferredCandidate,0,0,1
LONG_PTR_TABLE,0023C8,0023B6,0023D8,389,022480,none,ROM,0,0,0,DeferredCandidate,0,0,1
LONG_PTR_TABLE,0023C8,0023B6,0023D8,390,03E90C,none,ROM,0,0,0,DeferredCandidate,0,0,1
LONG_PTR_TABLE,003BC4,003BC4,003C34,0,003C44,none,ROM,1,1,1,ObservedInteriorEntry,0,1,0
LONG_PTR_TABLE,003BC4,003BC4,003C34,1,003D76,none,ROM,1,1,1,ObservedInteriorEntry,0,1,0
LONG_PTR_TABLE,003BC4,003BC4,003C34,2,003C44,none,ROM,1,1,1,ObservedInteriorEntry,0,1,0
LONG_PTR_TABLE,003BC4,003BC4,003C34,3,003C46,none,ROM,1,1,1,ObservedInteriorEntry,0,1,0
LONG_PTR_TABLE,00461A,00461A,00461C,1,004638,none,ROM,0,1,1,StaticInteriorEntry,0,1,0
LONG_PTR_TABLE,00461A,00461A,00461C,2,00468A,none,ROM,0,1,1,StaticInteriorEntry,0,1,0
LONG_PTR_TABLE,00461A,00461A,00461C,3,004760,none,ROM,0,1,1,StaticInteriorEntry,0,1,0
LONG_PTR_TABLE,00461A,00461A,00461C,4,0047EC,none,ROM,1,1,1,ObservedInteriorEntry,0,1,0
LONG_PTR_TABLE,00461A,00461A,00461C,5,004848,none,ROM,1,1,1,ObservedInteriorEntry,0,1,0
LONG_PTR_TABLE,00461A,00461A,00461C,6,0046FC,none,ROM,0,1,1,StaticInteriorEntry,0,1,0
LONG_PTR_TABLE,005322,005322,005328,0,005348,none,ROM,1,1,1,ObservedInteriorEntry,0,1,0
LONG_PTR_TABLE,005322,005322,005328,1,0053A8,none,ROM,1,1,1,ObservedInteriorEntry,0,1,0
LONG_PTR_TABLE,005322,005322,005328,2,00541C,none,ROM,1,1,1,ObservedInteriorEntry,0,1,0
LONG_PTR_TABLE,005322,005322,005328,3,005480,none,ROM,1,1,1,ObservedInteriorEntry,0,1,0
LONG_PTR_TABLE,005322,005322,005328,4,0054FC,none,ROM,1,1,1,ObservedInteriorEntry,0,1,0
LONG_PTR_TABLE,005322,005322,005328,5,00550A,none,ROM,1,1,1,ObservedInteriorEntry,0,1,0
LONG_PTR_TABLE,005322,005322,005328,6,005594,none,ROM,0,1,1,StaticInteriorEntry,0,1,0
LONG_PTR_TABLE,005322,005322,005328,7,0055C8,none,ROM,0,1,1,StaticInteriorEntry,0,1,0
LONG_PTR_TABLE,005716,005716,005758,0,00576C,none,ROM,0,0,0,DeferredCandidate,0,0,1
LONG_PTR_TABLE,005716,005716,005758,1,00584C,none,ROM,0,0,0,DeferredCandidate,0,0,1
LONG_PTR_TABLE,005716,005716,005758,2,0058EC,none,ROM,0,0,0,DeferredCandidate,0,0,1
LONG_PTR_TABLE,005716,005716,005758,3,0059CC,none,ROM,0,0,0,DeferredCandidate,0,0,1
LONG_PTR_TABLE,022530,022530,02254C,0,022570,none,ROM,0,1,1,StaticInteriorEntry,0,1,0
LONG_PTR_TABLE,022530,022530,02254C,1,022570,none,ROM,0,1,1,StaticInteriorEntry,0,1,0
LONG_PTR_TABLE,022530,022530,02254C,2,022588,none,ROM,0,1,1,StaticInteriorEntry,0,1,0
LONG_PTR_TABLE,022530,022530,02254C,3,0225C0,none,ROM,0,1,1,StaticInteriorEntry,0,1,0
LONG_PTR_TABLE,022530,022530,02254C,4,0225D4,none,ROM,0,1,1,StaticInteriorEntry,0,1,0
LONG_PTR_TABLE,022530,022530,02254C,5,022600,none,ROM,1,1,1,ObservedInteriorEntry,0,1,0
LONG_PTR_TABLE,022530,022530,02254C,6,022608,none,ROM,0,1,1,StaticInteriorEntry,0,1,0
LONG_PTR_TABLE,022530,022530,02254C,7,022616,none,ROM,0,1,1,StaticInteriorEntry,0,1,0
LONG_PTR_TABLE,022530,022530,02254C,8,02261E,none,ROM,0,1,1,StaticInteriorEntry,0,1,0
LONG_PTR_TABLE,022630,022630,022640,0,022664,none,ROM,0,0,0,DeferredCandidate,0,0,1
LONG_PTR_TABLE,022630,022630,022640,1,022664,none,ROM,0,0,0,DeferredCandidate,0,0,1
LONG_PTR_TABLE,022630,022630,022640,2,0226A0,none,ROM,0,0,0,DeferredCandidate,0,0,1
LONG_PTR_TABLE,022630,022630,022640,3,022664,none,ROM,0,0,0,DeferredCandidate,0,0,1
LONG_PTR_TABLE,022630,022630,022640,4,022710,none,ROM,0,0,0,DeferredCandidate,0,0,1
LONG_PTR_TABLE,022630,022630,022640,5,022760,none,ROM,0,0,0,DeferredCandidate,0,0,1
LONG_PTR_TABLE,022A30,022A30,022A38,0,022A58,none,ROM,0,1,1,StaticInteriorEntry,0,1,0
LONG_PTR_TABLE,022A30,022A30,022A38,1,022AA6,none,ROM,0,1,1,StaticInteriorEntry,0,1,0
LONG_PTR_TABLE,022A30,022A30,022A38,2,022B54,none,ROM,0,1,1,StaticInteriorEntry,0,1,0
LONG_PTR_TABLE,022A30,022A30,022A38,3,022B86,none,ROM,0,1,1,StaticInteriorEntry,0,1,0
LONG_PTR_TABLE,022A30,022A30,022A38,4,022CC2,none,ROM,0,1,1,StaticInteriorEntry,0,1,0
LONG_PTR_TABLE,022A30,022A30,022A38,5,022D32,none,ROM,0,1,1,StaticInteriorEntry,0,1,0
LONG_PTR_TABLE,022A30,022A30,022A38,6,022DB8,none,ROM,0,1,1,StaticInteriorEntry,0,1,0
LONG_PTR_TABLE,022A30,022A30,022A38,7,022E2C,none,ROM,0,1,1,StaticInteriorEntry,0,1,0
